{"v":"5.9.6","fr":30,"ip":0,"op":300,"w":512,"h":512,"nm":"otp","ddd":0,"assets":[],"layers":[{"ddd":0,"ind":1,"ty":4,"nm":"dot 6 Outlines","sr":1,"ks":{"o":{"a":0,"k":100,"ix":11},"r":{"a":0,"k":0,"ix":10},"p":{"a":1,"k":[{"i":{"x":0.833,"y":0.833},"o":{"x":0.167,"y":0.167},"t":115,"s":[299.893,220.02,0],"to":[0,-2.333,0],"ti":[0,0,0]},{"i":{"x":0.833,"y":0.833},"o":{"x":0.167,"y":0.167},"t":122.5,"s":[299.893,206.02,0],"to":[0,0,0],"ti":[0,-2.333,0]},{"i":{"x":0.833,"y":0.833},"o":{"x":0.167,"y":0.167},"t":130,"s":[299.893,220.02,0],"to":[0,0,0],"ti":[0,0,0]},{"i":{"x":0.833,"y":0.833},"o":{"x":0.167,"y":0.167},"t":242,"s":[299.893,220.02,0],"to":[0,-2.333,0],"ti":[0,0,0]},{"i":{"x":0.833,"y":0.833},"o":{"x":0.167,"y":0.167},"t":249.5,"s":[299.893,206.02,0],"to":[0,0,0],"ti":[0,-2.333,0]},{"t":257,"s":[299.893,220.02,0]}],"ix":2,"l":2},"a":{"a":0,"k":[6.684,6.684,0],"ix":1,"l":2},"s":{"a":0,"k":[100,100,100],"ix":6,"l":2}},"ao":0,"shapes":[{"ty":"gr","it":[{"ind":0,"ty":"sh","ix":1,"ks":{"a":0,"k":{"i":[[6.434,-3.553],[3.553,6.434],[-6.434,3.553],[-3.554,-6.434]],"o":[[6.434,3.553],[-3.554,6.434],[-6.434,-3.553],[3.553,-6.434]],"v":[[6.434,0],[-0.001,6.434],[-6.434,0],[-0.001,-6.434]],"c":true},"ix":2},"nm":"Path 1","mn":"ADBE Vector Shape - Group","hd":false},{"ty":"fl","c":{"a":0,"k":[0.955,0.9003,0.545,1],"ix":4},"o":{"a":0,"k":100,"ix":5},"r":1,"bm":0,"nm":"Fill 1","mn":"ADBE Vector Graphic - Fill","hd":false},{"ty":"tr","p":{"a":0,"k":[6.683,6.684],"ix":2},"a":{"a":0,"k":[0,0],"ix":1},"s":{"a":0,"k":[100,100],"ix":3},"r":{"a":0,"k":0,"ix":6},"o":{"a":0,"k":100,"ix":7},"sk":{"a":0,"k":0,"ix":4},"sa":{"a":0,"k":0,"ix":5},"nm":"Transform"}],"nm":"Group 1","np":4,"cix":2,"bm":0,"ix":1,"mn":"ADBE Vector Group","hd":false}],"ip":37,"op":300,"st":37,"ct":1,"bm":0,"completed":true},{"ddd":0,"ind":2,"ty":4,"nm":"dot 5 Outlines","sr":1,"ks":{"o":{"a":0,"k":100,"ix":11},"r":{"a":0,"k":0,"ix":10},"p":{"a":1,"k":[{"i":{"x":0.833,"y":0.833},"o":{"x":0.167,"y":0.167},"t":100,"s":[285.018,220.02,0],"to":[0,-2.333,0],"ti":[0,0,0]},{"i":{"x":0.833,"y":0.833},"o":{"x":0.167,"y":0.167},"t":107.5,"s":[285.018,206.02,0],"to":[0,0,0],"ti":[0,-2.333,0]},{"i":{"x":0.833,"y":0.833},"o":{"x":0.167,"y":0.167},"t":115,"s":[285.018,220.02,0],"to":[0,0,0],"ti":[0,0,0]},{"i":{"x":0.833,"y":0.833},"o":{"x":0.167,"y":0.167},"t":227,"s":[285.018,220.02,0],"to":[0,-2.333,0],"ti":[0,0,0]},{"i":{"x":0.833,"y":0.833},"o":{"x":0.167,"y":0.167},"t":234.5,"s":[285.018,206.02,0],"to":[0,0,0],"ti":[0,-2.333,0]},{"t":242,"s":[285.018,220.02,0]}],"ix":2,"l":2},"a":{"a":0,"k":[6.684,6.684,0],"ix":1,"l":2},"s":{"a":0,"k":[100,100,100],"ix":6,"l":2}},"ao":0,"shapes":[{"ty":"gr","it":[{"ind":0,"ty":"sh","ix":1,"ks":{"a":0,"k":{"i":[[6.434,-3.553],[3.553,6.434],[-6.434,3.553],[-3.553,-6.434]],"o":[[6.434,3.553],[-3.553,6.434],[-6.434,-3.553],[3.553,-6.434]],"v":[[6.434,0],[-0.001,6.434],[-6.434,0],[-0.001,-6.434]],"c":true},"ix":2},"nm":"Path 1","mn":"ADBE Vector Shape - Group","hd":false},{"ty":"fl","c":{"a":0,"k":[0.955,0.9003,0.545,1],"ix":4},"o":{"a":0,"k":100,"ix":5},"r":1,"bm":0,"nm":"Fill 1","mn":"ADBE Vector Graphic - Fill","hd":false},{"ty":"tr","p":{"a":0,"k":[6.684,6.684],"ix":2},"a":{"a":0,"k":[0,0],"ix":1},"s":{"a":0,"k":[100,100],"ix":3},"r":{"a":0,"k":0,"ix":6},"o":{"a":0,"k":100,"ix":7},"sk":{"a":0,"k":0,"ix":4},"sa":{"a":0,"k":0,"ix":5},"nm":"Transform"}],"nm":"Group 1","np":4,"cix":2,"bm":0,"ix":1,"mn":"ADBE Vector Group","hd":false}],"ip":35,"op":308,"st":35,"ct":1,"bm":0,"completed":true},{"ddd":0,"ind":3,"ty":4,"nm":"dot 4 Outlines","sr":1,"ks":{"o":{"a":0,"k":100,"ix":11},"r":{"a":0,"k":0,"ix":10},"p":{"a":1,"k":[{"i":{"x":0.833,"y":0.833},"o":{"x":0.167,"y":0.167},"t":85,"s":[269.768,220.02,0],"to":[0,-2.333,0],"ti":[0,0,0]},{"i":{"x":0.833,"y":0.833},"o":{"x":0.167,"y":0.167},"t":92.5,"s":[269.768,206.02,0],"to":[0,0,0],"ti":[0,-2.333,0]},{"i":{"x":0.833,"y":0.833},"o":{"x":0.167,"y":0.167},"t":100,"s":[269.768,220.02,0],"to":[0,0,0],"ti":[0,0,0]},{"i":{"x":0.833,"y":0.833},"o":{"x":0.167,"y":0.167},"t":212,"s":[269.768,220.02,0],"to":[0,-2.333,0],"ti":[0,0,0]},{"i":{"x":0.833,"y":0.833},"o":{"x":0.167,"y":0.167},"t":219.5,"s":[269.768,206.02,0],"to":[0,0,0],"ti":[0,-2.333,0]},{"t":227,"s":[269.768,220.02,0]}],"ix":2,"l":2},"a":{"a":0,"k":[6.684,6.684,0],"ix":1,"l":2},"s":{"a":0,"k":[100,100,100],"ix":6,"l":2}},"ao":0,"shapes":[{"ty":"gr","it":[{"ind":0,"ty":"sh","ix":1,"ks":{"a":0,"k":{"i":[[6.434,-3.553],[3.553,6.434],[-6.434,3.553],[-3.553,-6.434]],"o":[[6.434,3.553],[-3.553,6.434],[-6.434,-3.553],[3.553,-6.434]],"v":[[6.434,0],[-0.001,6.434],[-6.434,0],[-0.001,-6.434]],"c":true},"ix":2},"nm":"Path 1","mn":"ADBE Vector Shape - Group","hd":false},{"ty":"fl","c":{"a":0,"k":[0.955,0.9003,0.545,1],"ix":4},"o":{"a":0,"k":100,"ix":5},"r":1,"bm":0,"nm":"Fill 1","mn":"ADBE Vector Graphic - Fill","hd":false},{"ty":"tr","p":{"a":0,"k":[6.684,6.684],"ix":2},"a":{"a":0,"k":[0,0],"ix":1},"s":{"a":0,"k":[100,100],"ix":3},"r":{"a":0,"k":0,"ix":6},"o":{"a":0,"k":100,"ix":7},"sk":{"a":0,"k":0,"ix":4},"sa":{"a":0,"k":0,"ix":5},"nm":"Transform"}],"nm":"Group 1","np":4,"cix":2,"bm":0,"ix":1,"mn":"ADBE Vector Group","hd":false}],"ip":33,"op":308,"st":33,"ct":1,"bm":0,"completed":true},{"ddd":0,"ind":4,"ty":4,"nm":"dot 3 Outlines","sr":1,"ks":{"o":{"a":0,"k":100,"ix":11},"r":{"a":0,"k":0,"ix":10},"p":{"a":1,"k":[{"i":{"x":0.833,"y":0.833},"o":{"x":0.167,"y":0.167},"t":70,"s":[254.643,220.02,0],"to":[0,-2.333,0],"ti":[0,0,0]},{"i":{"x":0.833,"y":0.833},"o":{"x":0.167,"y":0.167},"t":77.5,"s":[254.643,206.02,0],"to":[0,0,0],"ti":[0,-2.333,0]},{"i":{"x":0.833,"y":0.833},"o":{"x":0.167,"y":0.167},"t":85,"s":[254.643,220.02,0],"to":[0,0,0],"ti":[0,0,0]},{"i":{"x":0.833,"y":0.833},"o":{"x":0.167,"y":0.167},"t":197,"s":[254.643,220.02,0],"to":[0,-2.333,0],"ti":[0,0,0]},{"i":{"x":0.833,"y":0.833},"o":{"x":0.167,"y":0.167},"t":204.5,"s":[254.643,206.02,0],"to":[0,0,0],"ti":[0,-2.333,0]},{"t":212,"s":[254.643,220.02,0]}],"ix":2,"l":2},"a":{"a":0,"k":[6.684,6.684,0],"ix":1,"l":2},"s":{"a":0,"k":[100,100,100],"ix":6,"l":2}},"ao":0,"shapes":[{"ty":"gr","it":[{"ind":0,"ty":"sh","ix":1,"ks":{"a":0,"k":{"i":[[6.434,-3.553],[3.553,6.434],[-6.434,3.553],[-3.553,-6.434]],"o":[[6.434,3.553],[-3.553,6.434],[-6.434,-3.553],[3.553,-6.434]],"v":[[6.434,0],[0,6.434],[-6.434,0],[0,-6.434]],"c":true},"ix":2},"nm":"Path 1","mn":"ADBE Vector Shape - Group","hd":false},{"ty":"fl","c":{"a":0,"k":[0.955,0.9003,0.545,1],"ix":4},"o":{"a":0,"k":100,"ix":5},"r":1,"bm":0,"nm":"Fill 1","mn":"ADBE Vector Graphic - Fill","hd":false},{"ty":"tr","p":{"a":0,"k":[6.684,6.684],"ix":2},"a":{"a":0,"k":[0,0],"ix":1},"s":{"a":0,"k":[100,100],"ix":3},"r":{"a":0,"k":0,"ix":6},"o":{"a":0,"k":100,"ix":7},"sk":{"a":0,"k":0,"ix":4},"sa":{"a":0,"k":0,"ix":5},"nm":"Transform"}],"nm":"Group 1","np":4,"cix":2,"bm":0,"ix":1,"mn":"ADBE Vector Group","hd":false}],"ip":31,"op":301,"st":31,"ct":1,"bm":0,"completed":true},{"ddd":0,"ind":5,"ty":4,"nm":"dot 2 Outlines","sr":1,"ks":{"o":{"a":0,"k":100,"ix":11},"r":{"a":0,"k":0,"ix":10},"p":{"a":1,"k":[{"i":{"x":0.833,"y":0.833},"o":{"x":0.167,"y":0.167},"t":55,"s":[239.643,220.02,0],"to":[0,-2.333,0],"ti":[0,0,0]},{"i":{"x":0.833,"y":0.833},"o":{"x":0.167,"y":0.167},"t":62.5,"s":[239.643,206.02,0],"to":[0,0,0],"ti":[0,-2.333,0]},{"i":{"x":0.833,"y":0.833},"o":{"x":0.167,"y":0.167},"t":70,"s":[239.643,220.02,0],"to":[0,0,0],"ti":[0,0,0]},{"i":{"x":0.833,"y":0.833},"o":{"x":0.167,"y":0.167},"t":182,"s":[239.643,220.02,0],"to":[0,-2.333,0],"ti":[0,0,0]},{"i":{"x":0.833,"y":0.833},"o":{"x":0.167,"y":0.167},"t":189.5,"s":[239.643,206.02,0],"to":[0,0,0],"ti":[0,-2.333,0]},{"t":197,"s":[239.643,220.02,0]}],"ix":2,"l":2},"a":{"a":0,"k":[6.684,6.684,0],"ix":1,"l":2},"s":{"a":0,"k":[100,100,100],"ix":6,"l":2}},"ao":0,"shapes":[{"ty":"gr","it":[{"ind":0,"ty":"sh","ix":1,"ks":{"a":0,"k":{"i":[[6.434,-3.553],[3.554,6.434],[-6.434,3.553],[-3.553,-6.434]],"o":[[6.434,3.553],[-3.553,6.434],[-6.434,-3.553],[3.554,-6.434]],"v":[[6.434,0],[0,6.434],[-6.434,0],[0,-6.434]],"c":true},"ix":2},"nm":"Path 1","mn":"ADBE Vector Shape - Group","hd":false},{"ty":"fl","c":{"a":0,"k":[0.955,0.9003,0.545,1],"ix":4},"o":{"a":0,"k":100,"ix":5},"r":1,"bm":0,"nm":"Fill 1","mn":"ADBE Vector Graphic - Fill","hd":false},{"ty":"tr","p":{"a":0,"k":[6.684,6.684],"ix":2},"a":{"a":0,"k":[0,0],"ix":1},"s":{"a":0,"k":[100,100],"ix":3},"r":{"a":0,"k":0,"ix":6},"o":{"a":0,"k":100,"ix":7},"sk":{"a":0,"k":0,"ix":4},"sa":{"a":0,"k":0,"ix":5},"nm":"Transform"}],"nm":"Group 1","np":4,"cix":2,"bm":0,"ix":1,"mn":"ADBE Vector Group","hd":false}],"ip":29,"op":302,"st":29,"ct":1,"bm":0,"completed":true},{"ddd":0,"ind":6,"ty":4,"nm":"dot1 Outlines","sr":1,"ks":{"o":{"a":0,"k":100,"ix":11},"r":{"a":0,"k":0,"ix":10},"p":{"a":1,"k":[{"i":{"x":0.833,"y":0.833},"o":{"x":0.167,"y":0.167},"t":37,"s":[224.518,220.02,0],"to":[0,-2.333,0],"ti":[0,0,0]},{"i":{"x":0.833,"y":0.833},"o":{"x":0.167,"y":0.167},"t":44.5,"s":[224.518,206.02,0],"to":[0,0,0],"ti":[0,-2.333,0]},{"i":{"x":0.833,"y":0.833},"o":{"x":0.167,"y":0.167},"t":52,"s":[224.518,220.02,0],"to":[0,0,0],"ti":[0,0,0]},{"i":{"x":0.833,"y":0.833},"o":{"x":0.167,"y":0.167},"t":167,"s":[224.518,220.02,0],"to":[0,-2.333,0],"ti":[0,0,0]},{"i":{"x":0.833,"y":0.833},"o":{"x":0.167,"y":0.167},"t":174.5,"s":[224.518,206.02,0],"to":[0,0,0],"ti":[0,-2.333,0]},{"t":182,"s":[224.518,220.02,0]}],"ix":2,"l":2},"a":{"a":0,"k":[6.684,6.684,0],"ix":1,"l":2},"s":{"a":0,"k":[100,100,100],"ix":6,"l":2}},"ao":0,"shapes":[{"ty":"gr","it":[{"ind":0,"ty":"sh","ix":1,"ks":{"a":0,"k":{"i":[[6.434,-3.553],[3.553,6.434],[-6.434,3.553],[-3.553,-6.434]],"o":[[6.434,3.553],[-3.553,6.434],[-6.434,-3.553],[3.553,-6.434]],"v":[[6.434,0],[0,6.434],[-6.434,0],[0,-6.434]],"c":true},"ix":2},"nm":"Path 1","mn":"ADBE Vector Shape - Group","hd":false},{"ty":"fl","c":{"a":0,"k":[0.955,0.9003,0.545,1],"ix":4},"o":{"a":0,"k":100,"ix":5},"r":1,"bm":0,"nm":"Fill 1","mn":"ADBE Vector Graphic - Fill","hd":false},{"ty":"tr","p":{"a":0,"k":[6.684,6.684],"ix":2},"a":{"a":0,"k":[0,0],"ix":1},"s":{"a":0,"k":[100,100],"ix":3},"r":{"a":0,"k":0,"ix":6},"o":{"a":0,"k":100,"ix":7},"sk":{"a":0,"k":0,"ix":4},"sa":{"a":0,"k":0,"ix":5},"nm":"Transform"}],"nm":"Group 1","np":4,"cix":2,"bm":0,"ix":1,"mn":"ADBE Vector Group","hd":false}],"ip":27,"op":299,"st":27,"ct":1,"bm":0,"completed":true},{"ddd":0,"ind":7,"ty":4,"nm":"Message Box Outlines","sr":1,"ks":{"o":{"a":1,"k":[{"i":{"x":[0.833],"y":[0.833]},"o":{"x":[0.167],"y":[0.167]},"t":17,"s":[0]},{"t":27,"s":[100]}],"ix":11},"r":{"a":0,"k":0,"ix":10},"p":{"a":0,"k":[262.391,226.453,0],"ix":2,"l":2},"a":{"a":0,"k":[67.784,38.084,0],"ix":1,"l":2},"s":{"a":0,"k":[100,100,100],"ix":6,"l":2}},"ao":0,"shapes":[{"ty":"gr","it":[{"ind":0,"ty":"sh","ix":1,"ks":{"a":0,"k":{"i":[[67.534,-32.879000000000005],[67.534,15.036],[62.587999999999994,26.094],[-53.692,26.094],[-57.169,26.826999999999998],[-67.534,37.834],[-67.534,-26.777],[-62.588,-37.834],[56.477,-37.834]],"o":[[67.534,-26.777],[67.534,21.139],[56.477,26.094],[-55.47,26.094],[-58.387,28.121],[-67.534,37.834],[-67.534,-32.879000000000005],[-56.478,-37.834],[62.587999999999994,-37.834]],"v":[[67.534,-26.777],[67.534,15.036],[56.477,26.094],[-53.692,26.094],[-58.387,28.121],[-67.534,37.834],[-67.534,-26.777],[-56.478,-37.834],[56.477,-37.834]],"c":true},"ix":2},"nm":"Path 1","mn":"ADBE Vector Shape - Group","hd":false},{"ty":"fl","c":{"a":0,"k":[1,0.5569,0.2275,1],"ix":4},"o":{"a":0,"k":100,"ix":5},"r":1,"bm":0,"nm":"Fill 1","mn":"ADBE Vector Graphic - Fill","hd":false},{"ty":"tr","p":{"a":0,"k":[67.784,38.084],"ix":2},"a":{"a":0,"k":[0,0],"ix":1},"s":{"a":0,"k":[100,100],"ix":3},"r":{"a":0,"k":0,"ix":6},"o":{"a":0,"k":100,"ix":7},"sk":{"a":0,"k":0,"ix":4},"sa":{"a":0,"k":0,"ix":5},"nm":"Transform"}],"nm":"Group 1","np":4,"cix":2,"bm":0,"ix":1,"mn":"ADBE Vector Group","hd":false}],"ip":17,"op":309,"st":17,"ct":1,"bm":0,"completed":true},{"ddd":0,"ind":8,"ty":4,"nm":"Phone Outlines","sr":1,"ks":{"o":{"a":0,"k":100,"ix":11},"r":{"a":1,"k":[{"i":{"x":[0.833],"y":[0.833]},"o":{"x":[0.167],"y":[0.167]},"t":0,"s":[9]},{"i":{"x":[0.833],"y":[0.833]},"o":{"x":[0.167],"y":[0.167]},"t":3,"s":[-9]},{"i":{"x":[0.833],"y":[0.833]},"o":{"x":[0.167],"y":[0.167]},"t":6,"s":[9]},{"i":{"x":[0.833],"y":[0.833]},"o":{"x":[0.167],"y":[0.167]},"t":9,"s":[-9]},{"i":{"x":[0.833],"y":[0.833]},"o":{"x":[0.167],"y":[0.167]},"t":12,"s":[9]},{"i":{"x":[0.833],"y":[0.833]},"o":{"x":[0.167],"y":[0.167]},"t":15,"s":[-9]},{"t":17,"s":[0]}],"ix":10},"p":{"a":0,"k":[266.39,252.546,0],"ix":2,"l":2},"a":{"a":0,"k":[95.159,188.45,0],"ix":1,"l":2},"s":{"a":0,"k":[100,100,100],"ix":6,"l":2}},"ao":0,"shapes":[{"ty":"gr","it":[{"ind":0,"ty":"sh","ix":1,"ks":{"a":0,"k":{"i":[[6.434,-3.553],[3.554,6.434],[-6.434,3.553],[-3.553,-6.434]],"o":[[6.434,3.553],[-3.553,6.434],[-6.434,-3.553],[3.554,-6.434]],"v":[[6.434,0],[0,6.434],[-6.434,0],[0,-6.434]],"c":true},"ix":2},"nm":"Path 1","mn":"ADBE Vector Shape - Group","hd":false,"_render":true},{"ty":"fl","c":{"a":0,"k":[1,0.4431,0,1],"ix":4},"o":{"a":0,"k":100,"ix":5},"r":1,"bm":0,"nm":"Fill 1","mn":"ADBE Vector Graphic - Fill","hd":false,"_render":true},{"ty":"tr","p":{"a":0,"k":[95.159,28.336],"ix":2},"a":{"a":0,"k":[0,0],"ix":1},"s":{"a":0,"k":[100,100],"ix":3},"r":{"a":0,"k":0,"ix":6},"o":{"a":0,"k":100,"ix":7},"sk":{"a":0,"k":0,"ix":4},"sa":{"a":0,"k":0,"ix":5},"nm":"Transform","_render":true}],"nm":"Group 1","np":4,"cix":2,"bm":0,"ix":1,"mn":"ADBE Vector Group","hd":false,"_render":true},{"ty":"gr","it":[{"ind":0,"ty":"sh","ix":1,"ks":{"a":0,"k":{"i":[[76.124,176.085],[-60.487,176.085],[-88.799,163.409],[-88.799,-147.771],[-76.123,-176.085],[60.487,-176.085],[88.799,-163.409],[88.799,147.773]],"o":[[60.487,176.085],[-76.123,176.085],[-88.799,147.773],[-88.799,-163.409],[-60.487,-176.085],[76.124,-176.085],[88.799,-147.771],[88.799,163.409]],"v":[[60.487,176.085],[-60.487,176.085],[-88.799,147.773],[-88.799,-147.771],[-60.487,-176.085],[60.487,-176.085],[88.799,-147.771],[88.799,147.773]],"c":true},"ix":2},"nm":"Path 1","mn":"ADBE Vector Shape - Group","hd":false,"_render":true},{"ty":"fl","c":{"a":0,"k":[0.9961,0.9608,0.7412,1],"ix":4},"o":{"a":0,"k":100,"ix":5},"r":1,"bm":0,"nm":"Fill 1","mn":"ADBE Vector Graphic - Fill","hd":false,"_render":true},{"ty":"tr","p":{"a":0,"k":[95.159,188.45],"ix":2},"a":{"a":0,"k":[0,0],"ix":1},"s":{"a":0,"k":[100,100],"ix":3},"r":{"a":0,"k":0,"ix":6},"o":{"a":0,"k":100,"ix":7},"sk":{"a":0,"k":0,"ix":4},"sa":{"a":0,"k":0,"ix":5},"nm":"Transform","_render":true}],"nm":"Group 2","np":4,"cix":2,"bm":0,"ix":2,"mn":"ADBE Vector Group","hd":false,"_render":true},{"ty":"gr","it":[{"ind":0,"ty":"sh","ix":1,"ks":{"a":0,"k":{"i":[[82.233,188.2],[-66.595,188.2],[-94.909,175.524],[-94.909,-159.887],[-82.233,-188.2],[66.596,-188.2],[94.909,-175.524],[94.909,159.888]],"o":[[66.596,188.2],[-82.233,188.2],[-94.909,159.888],[-94.909,-175.524],[-66.595,-188.2],[82.233,-188.2],[94.909,-159.887],[94.909,175.524]],"v":[[66.596,188.2],[-66.595,188.2],[-94.909,159.888],[-94.909,-159.887],[-66.595,-188.2],[66.596,-188.2],[94.909,-159.887],[94.909,159.888]],"c":true},"ix":2},"nm":"Path 1","mn":"ADBE Vector Shape - Group","hd":false,"_render":true},{"ty":"fl","c":{"a":0,"k":[0.3051,0.2653,0.2349,1],"ix":4},"o":{"a":0,"k":100,"ix":5},"r":1,"bm":0,"nm":"Fill 1","mn":"ADBE Vector Graphic - Fill","hd":false,"_render":true},{"ty":"tr","p":{"a":0,"k":[95.159,188.45],"ix":2},"a":{"a":0,"k":[0,0],"ix":1},"s":{"a":0,"k":[100,100],"ix":3},"r":{"a":0,"k":0,"ix":6},"o":{"a":0,"k":100,"ix":7},"sk":{"a":0,"k":0,"ix":4},"sa":{"a":0,"k":0,"ix":5},"nm":"Transform","_render":true}],"nm":"Group 3","np":4,"cix":2,"bm":0,"ix":3,"mn":"ADBE Vector Group","hd":false,"_render":true}],"ip":0,"op":302,"st":0,"ct":1,"bm":0,"completed":true}],"markers":[],"__complete":true}