{"nm":"3D Location Pin","mn":"","layers":[{"ty":4,"nm":"Location Pin","mn":"","sr":1,"st":0,"op":90,"ip":0,"hd":false,"cl":"","ln":"","ddd":0,"bm":0,"tt":0,"hasMask":false,"td":0,"ao":0,"ks":{"a":{"a":0,"k":[0,0.004,0],"ix":1},"s":{"a":0,"k":[100,100,100],"ix":6},"sk":{"a":0,"k":0},"p":{"a":0,"k":[540,540,0],"ix":2},"sa":{"a":0,"k":0},"o":{"a":0,"k":100,"ix":11},"r":{"a":0,"k":0,"ix":10}},"ef":[{"ty":5,"mn":"ADBE Layer Control","nm":"Layer 1: Outside [1.0]","ix":1,"en":1,"ef":[{"ty":10,"mn":"ADBE Layer Control-0001","nm":"Layer","ix":1,"v":{"a":0,"k":1,"ix":1}}]},{"ty":5,"mn":"ADBE Layer Control","nm":"Layer 1: Outside [1.0][In]","ix":2,"en":1,"ef":[{"ty":10,"mn":"ADBE Layer Control-0001","nm":"Layer","ix":1,"v":{"a":0,"k":1,"ix":1}}]},{"ty":5,"mn":"ADBE Layer Control","nm":"Layer 1: Outside [1.0][Out]","ix":3,"en":1,"ef":[{"ty":10,"mn":"ADBE Layer Control-0001","nm":"Layer","ix":1,"v":{"a":0,"k":1,"ix":1}}]},{"ty":5,"mn":"ADBE Layer Control","nm":"Layer 1: Outside [1.1]","ix":4,"en":1,"ef":[{"ty":10,"mn":"ADBE Layer Control-0001","nm":"Layer","ix":1,"v":{"a":0,"k":1,"ix":1}}]},{"ty":5,"mn":"ADBE Layer Control","nm":"Layer 1: Outside [1.1][In]","ix":5,"en":1,"ef":[{"ty":10,"mn":"ADBE Layer Control-0001","nm":"Layer","ix":1,"v":{"a":0,"k":1,"ix":1}}]},{"ty":5,"mn":"ADBE Layer Control","nm":"Layer 1: Outside [1.1][Out]","ix":6,"en":1,"ef":[{"ty":10,"mn":"ADBE Layer Control-0001","nm":"Layer","ix":1,"v":{"a":0,"k":1,"ix":1}}]},{"ty":5,"mn":"ADBE Layer Control","nm":"Layer 1: Outside [1.2]","ix":7,"en":1,"ef":[{"ty":10,"mn":"ADBE Layer Control-0001","nm":"Layer","ix":1,"v":{"a":0,"k":1,"ix":1}}]},{"ty":5,"mn":"ADBE Layer Control","nm":"Layer 1: Outside [1.2][In]","ix":8,"en":1,"ef":[{"ty":10,"mn":"ADBE Layer Control-0001","nm":"Layer","ix":1,"v":{"a":0,"k":1,"ix":1}}]},{"ty":5,"mn":"ADBE Layer Control","nm":"Layer 1: Outside [1.2][Out]","ix":9,"en":1,"ef":[{"ty":10,"mn":"ADBE Layer Control-0001","nm":"Layer","ix":1,"v":{"a":0,"k":1,"ix":1}}]},{"ty":5,"mn":"ADBE Layer Control","nm":"Layer 1: Outside [1.3]","ix":10,"en":1,"ef":[{"ty":10,"mn":"ADBE Layer Control-0001","nm":"Layer","ix":1,"v":{"a":0,"k":1,"ix":1}}]},{"ty":5,"mn":"ADBE Layer Control","nm":"Layer 1: Outside [1.3][In]","ix":11,"en":1,"ef":[{"ty":10,"mn":"ADBE Layer Control-0001","nm":"Layer","ix":1,"v":{"a":0,"k":1,"ix":1}}]},{"ty":5,"mn":"ADBE Layer Control","nm":"Layer 1: Outside [1.3][Out]","ix":12,"en":1,"ef":[{"ty":10,"mn":"ADBE Layer Control-0001","nm":"Layer","ix":1,"v":{"a":0,"k":1,"ix":1}}]},{"ty":5,"mn":"ADBE Layer Control","nm":"Layer 1: Outside [1.4]","ix":13,"en":1,"ef":[{"ty":10,"mn":"ADBE Layer Control-0001","nm":"Layer","ix":1,"v":{"a":0,"k":1,"ix":1}}]},{"ty":5,"mn":"ADBE Layer Control","nm":"Layer 1: Outside [1.4][In]","ix":14,"en":1,"ef":[{"ty":10,"mn":"ADBE Layer Control-0001","nm":"Layer","ix":1,"v":{"a":0,"k":1,"ix":1}}]},{"ty":5,"mn":"ADBE Layer Control","nm":"Layer 1: Outside [1.4][Out]","ix":15,"en":1,"ef":[{"ty":10,"mn":"ADBE Layer Control-0001","nm":"Layer","ix":1,"v":{"a":0,"k":1,"ix":1}}]},{"ty":5,"mn":"ADBE Layer Control","nm":"Layer 1: Inside [2.0]","ix":16,"en":1,"ef":[{"ty":10,"mn":"ADBE Layer Control-0001","nm":"Layer","ix":1,"v":{"a":0,"k":1,"ix":1}}]},{"ty":5,"mn":"ADBE Layer Control","nm":"Layer 1: Inside [2.0][In]","ix":17,"en":1,"ef":[{"ty":10,"mn":"ADBE Layer Control-0001","nm":"Layer","ix":1,"v":{"a":0,"k":1,"ix":1}}]},{"ty":5,"mn":"ADBE Layer Control","nm":"Layer 1: Inside [2.0][Out]","ix":18,"en":1,"ef":[{"ty":10,"mn":"ADBE Layer Control-0001","nm":"Layer","ix":1,"v":{"a":0,"k":1,"ix":1}}]},{"ty":5,"mn":"ADBE Layer Control","nm":"Layer 1: Inside [2.1]","ix":19,"en":1,"ef":[{"ty":10,"mn":"ADBE Layer Control-0001","nm":"Layer","ix":1,"v":{"a":0,"k":1,"ix":1}}]},{"ty":5,"mn":"ADBE Layer Control","nm":"Layer 1: Inside [2.1][In]","ix":20,"en":1,"ef":[{"ty":10,"mn":"ADBE Layer Control-0001","nm":"Layer","ix":1,"v":{"a":0,"k":1,"ix":1}}]},{"ty":5,"mn":"ADBE Layer Control","nm":"Layer 1: Inside [2.1][Out]","ix":21,"en":1,"ef":[{"ty":10,"mn":"ADBE Layer Control-0001","nm":"Layer","ix":1,"v":{"a":0,"k":1,"ix":1}}]},{"ty":5,"mn":"ADBE Layer Control","nm":"Layer 1: Inside [2.2]","ix":22,"en":1,"ef":[{"ty":10,"mn":"ADBE Layer Control-0001","nm":"Layer","ix":1,"v":{"a":0,"k":1,"ix":1}}]},{"ty":5,"mn":"ADBE Layer Control","nm":"Layer 1: Inside [2.2][In]","ix":23,"en":1,"ef":[{"ty":10,"mn":"ADBE Layer Control-0001","nm":"Layer","ix":1,"v":{"a":0,"k":1,"ix":1}}]},{"ty":5,"mn":"ADBE Layer Control","nm":"Layer 1: Inside [2.2][Out]","ix":24,"en":1,"ef":[{"ty":10,"mn":"ADBE Layer Control-0001","nm":"Layer","ix":1,"v":{"a":0,"k":1,"ix":1}}]},{"ty":5,"mn":"ADBE Layer Control","nm":"Layer 1: Inside [2.3]","ix":25,"en":1,"ef":[{"ty":10,"mn":"ADBE Layer Control-0001","nm":"Layer","ix":1,"v":{"a":0,"k":1,"ix":1}}]},{"ty":5,"mn":"ADBE Layer Control","nm":"Layer 1: Inside [2.3][In]","ix":26,"en":1,"ef":[{"ty":10,"mn":"ADBE Layer Control-0001","nm":"Layer","ix":1,"v":{"a":0,"k":1,"ix":1}}]},{"ty":5,"mn":"ADBE Layer Control","nm":"Layer 1: Inside [2.3][Out]","ix":27,"en":1,"ef":[{"ty":10,"mn":"ADBE Layer Control-0001","nm":"Layer","ix":1,"v":{"a":0,"k":1,"ix":1}}]}],"shapes":[{"ty":"sh","bm":0,"cl":"","ln":"","hd":false,"mn":"ADBE Vector Shape - Group","nm":"Outside","ix":1,"d":1,"ks":{"a":1,"k":[{"o":{"x":0.167,"y":0.167},"i":{"x":0.833,"y":0.833},"s":[{"c":true,"i":[[188.386,-476.746],[-342.5,-325.737],[-60.406,414.525],[3.8600000000000003,477.995],[342.5,87.34299999999999]],"o":[[-188.386,-476.746],[-342.5,87.34299999999999],[-3.8600000000000003,477.995],[60.406,414.525],[342.5,-325.737]],"v":[[0,-476.746],[-342.5,-141.121],[-8.25,473.067],[8.25,473.067],[342.5,-141.121]]}],"t":0},{"o":{"x":0.167,"y":0.167},"i":{"x":0.833,"y":0.833},"s":[{"c":true,"i":[[188.737,-477.924],[-340.764,-324.283],[-60.321,414.19800000000004],[3.8580000000000005,478.019],[343.833,87.737]],"o":[[-187.808,-475.573],[-340.764,86.95399999999998],[-3.857,477.971],[60.417,414.853],[343.833,-327.203]],"v":[[0,-476.746],[-340.764,-140.491],[-8.244,473.016],[8.246,473.118],[343.833,-141.756]]}],"t":1},{"o":{"x":0.167,"y":0.167},"i":{"x":0.833,"y":0.833},"s":[{"c":true,"i":[[188.858,-479.10699999999997],[-338.632,-322.844],[-60.163000000000004,413.871],[3.850999999999999,478.043],[344.754,88.13300000000001]],"o":[[-187.006,-474.40799999999996],[-338.632,86.56800000000001],[-3.8499999999999996,477.947],[60.354,415.181],[344.754,-328.682]],"v":[[0,-476.746],[-338.632,-139.868],[-8.228,472.965],[8.232,473.169],[344.754,-142.397]]}],"t":2},{"o":{"x":0.167,"y":0.167},"i":{"x":0.833,"y":0.833},"s":[{"c":true,"i":[[188.748,-480.293],[-336.111,-321.421],[-59.933,413.546],[3.8390000000000004,478.067],[345.259,88.53200000000001]],"o":[[-185.981,-473.251],[-336.111,86.18699999999998],[-3.838,477.92199999999997],[60.217,415.509],[345.259,-330.169]],"v":[[0,-476.746],[-336.111,-139.251],[-8.202,472.914],[8.207,473.22],[345.259,-143.041]]}],"t":3},{"o":{"x":0.167,"y":0.167},"i":{"x":0.833,"y":0.833},"s":[{"c":true,"i":[[188.405,-481.47999999999996],[-333.211,-320.017],[-59.629999999999995,413.222],[3.8230000000000004,478.09],[345.34,88.93300000000002]],"o":[[-184.736,-472.104],[-333.211,85.809],[-3.8210000000000006,477.898],[60.007000000000005,415.836],[345.34,-331.66499999999996]],"v":[[0,-476.746],[-333.211,-138.643],[-8.166,472.863],[8.173,473.27],[345.34,-143.689]]}],"t":4},{"o":{"x":0.167,"y":0.167},"i":{"x":0.833,"y":0.833},"s":[{"c":true,"i":[[187.828,-482.667],[-329.938,-318.63],[-59.254999999999995,412.901],[3.8019999999999996,478.115],[344.991,89.33599999999998]],"o":[[-183.276,-470.96799999999996],[-329.938,85.43799999999999],[-3.799999999999999,477.875],[59.723,416.16200000000003],[344.991,-333.16700000000003]],"v":[[0,-476.746],[-329.938,-138.042],[-8.12,472.813],[8.129,473.321],[344.991,-144.34]]}],"t":5},{"o":{"x":0.167,"y":0.167},"i":{"x":0.833,"y":0.833},"s":[{"c":true,"i":[[187.016,-483.853],[-326.302,-317.264],[-58.809,412.582],[3.7769999999999992,478.138],[344.207,89.74000000000001]],"o":[[-181.602,-469.84499999999997],[-326.302,85.072],[-3.7749999999999995,477.851],[59.364999999999995,416.486],[344.207,-334.674]],"v":[[0,-476.746],[-326.302,-137.45],[-8.065,472.763],[8.075,473.371],[344.207,-144.993]]}],"t":6},{"o":{"x":0.167,"y":0.167},"i":{"x":0.833,"y":0.833},"s":[{"c":true,"i":[[185.968,-485.036],[-322.311,-315.91999999999996],[-58.292,412.266],[3.7459999999999996,478.162],[342.983,90.14500000000001]],"o":[[-179.719,-468.73499999999996],[-322.311,84.71100000000001],[-3.7439999999999998,477.827],[58.934,416.80899999999997],[342.983,-336.182]],"v":[[0,-476.746],[-322.311,-136.868],[-7.999,472.713],[8.011,473.421],[342.983,-145.646]]}],"t":7},{"o":{"x":0.167,"y":0.167},"i":{"x":0.833,"y":0.833},"s":[{"c":true,"i":[[184.685,-486.214],[-317.975,-314.599],[-57.705999999999996,411.953],[3.7120000000000006,478.185],[341.315,90.54899999999998]],"o":[[-177.629,-467.64],[-317.975,84.357],[-3.7090000000000005,477.804],[58.43,417.129],[341.315,-337.69100000000003]],"v":[[0,-476.746],[-317.975,-136.296],[-7.924,472.664],[7.937,473.47],[341.315,-146.3]]}],"t":8},{"o":{"x":0.167,"y":0.167},"i":{"x":0.833,"y":0.833},"s":[{"c":true,"i":[[183.164,-487.38599999999997],[-313.302,-313.30100000000004],[-57.05,411.644],[3.673,478.208],[339.199,90.953]],"o":[[-175.338,-466.561],[-313.302,84.00999999999999],[-3.670000000000001,477.781],[57.855,417.447],[339.199,-339.20000000000005]],"v":[[0,-476.746],[-313.302,-135.733],[-7.839,472.615],[7.854,473.519],[339.199,-146.954]]}],"t":9},{"o":{"x":0.167,"y":0.167},"i":{"x":0.833,"y":0.833},"s":[{"c":true,"i":[[181.408,-488.54999999999995],[-308.302,-312.029],[-56.326,411.339],[3.6290000000000004,478.231],[336.632,91.35600000000002]],"o":[[-172.849,-465.49899999999997],[-308.302,83.66900000000001],[-3.625,477.758],[57.206,417.762],[336.632,-340.703]],"v":[[0,-476.746],[-308.302,-135.182],[-7.744,472.567],[7.761,473.568],[336.632,-147.605]]}],"t":10},{"o":{"x":0.167,"y":0.167},"i":{"x":0.833,"y":0.833},"s":[{"c":true,"i":[[179.417,-489.70599999999996],[-302.983,-310.784],[-55.536,411.03700000000003],[3.58,478.25399999999996],[333.612,91.75800000000001]],"o":[[-170.165,-464.455],[-302.983,83.334],[-3.5759999999999996,477.735],[56.486000000000004,418.073],[333.612,-342.201]],"v":[[0,-476.746],[-302.983,-134.643],[-7.64,472.519],[7.658,473.616],[333.612,-148.254]]}],"t":11},{"o":{"x":0.167,"y":0.167},"i":{"x":0.833,"y":0.833},"s":[{"c":true,"i":[[177.19,-490.84999999999997],[-297.355,-309.56399999999996],[-54.679,410.74],[3.5280000000000005,478.276],[330.136,92.15699999999998]],"o":[[-167.292,-463.43],[-297.355,83.00800000000001],[-3.524,477.71299999999997],[55.696,418.38],[330.136,-343.692]],"v":[[0,-476.746],[-297.355,-134.114],[-7.527,472.472],[7.546,473.663],[330.136,-148.9]]}],"t":12},{"o":{"x":0.167,"y":0.167},"i":{"x":0.833,"y":0.833},"s":[{"c":true,"i":[[174.731,-491.98199999999997],[-291.429,-308.374],[-53.758,410.449],[3.4709999999999996,478.298],[326.203,92.554]],"o":[[-164.234,-462.42499999999995],[-291.429,82.68800000000002],[-3.467,477.691],[54.836999999999996,418.682],[326.203,-345.171]],"v":[[0,-476.746],[-291.429,-133.599],[-7.405,472.426],[7.425,473.709],[326.203,-149.541]]}],"t":13},{"o":{"x":0.167,"y":0.167},"i":{"x":0.833,"y":0.833},"s":[{"c":true,"i":[[172.041,-493.09999999999997],[-285.212,-307.212],[-52.774,410.164],[3.41,478.32],[321.814,92.94800000000001]],"o":[[-160.995,-461.442],[-285.212,82.37700000000001],[-3.406,477.66999999999996],[53.908,418.981],[321.814,-346.638]],"v":[[0,-476.746],[-285.212,-133.095],[-7.274,472.381],[7.295,473.755],[321.814,-150.176]]}],"t":14},{"o":{"x":0.167,"y":0.167},"i":{"x":0.833,"y":0.833},"s":[{"c":true,"i":[[169.121,-494.203],[-278.715,-306.08],[-51.727000000000004,409.88300000000004],[3.3449999999999998,478.341],[316.969,93.33699999999999]],"o":[[-157.581,-460.481],[-278.715,82.07300000000001],[-3.341,477.649],[52.912,419.274],[316.969,-348.091]],"v":[[0,-476.746],[-278.715,-132.605],[-7.134,472.336],[7.156,473.8],[316.969,-150.806]]}],"t":15},{"o":{"x":0.167,"y":0.167},"i":{"x":0.833,"y":0.833},"s":[{"c":true,"i":[[165.974,-495.288],[-271.947,-304.979],[-50.619,409.60799999999995],[3.276,478.36199999999997],[311.669,93.72200000000001]],"o":[[-153.995,-459.542],[-271.947,81.77800000000002],[-3.2710000000000004,477.628],[51.849000000000004,419.562],[311.669,-349.527]],"v":[[0,-476.746],[-271.947,-132.128],[-6.985,472.292],[7.008,473.844],[311.669,-151.428]]}],"t":16},{"o":{"x":0.167,"y":0.167},"i":{"x":0.833,"y":0.833},"s":[{"c":true,"i":[[162.603,-496.354],[-264.919,-303.909],[-49.452000000000005,409.34000000000003],[3.202,478.38100000000003],[305.917,94.102]],"o":[[-150.244,-458.628],[-264.919,81.49100000000001],[-3.1980000000000004,477.608],[50.721,419.843],[305.917,-350.942]],"v":[[0,-476.746],[-264.919,-131.664],[-6.828,472.25],[6.851,473.886],[305.917,-152.041]]}],"t":17},{"o":{"x":0.167,"y":0.167},"i":{"x":0.833,"y":0.833},"s":[{"c":true,"i":[[159.01,-497.4],[-257.638,-302.872],[-48.227,409.07800000000003],[3.1260000000000003,478.401],[299.715,94.475]],"o":[[-146.331,-457.739],[-257.638,81.21199999999999],[-3.12,477.588],[49.528999999999996,420.118],[299.715,-352.336]],"v":[[0,-476.746],[-257.638,-131.215],[-6.662,472.208],[6.687,473.928],[299.715,-152.645]]}],"t":18},{"o":{"x":0.167,"y":0.167},"i":{"x":0.833,"y":0.833},"s":[{"c":true,"i":[[155.2,-498.424],[-250.116,-301.866],[-46.946,408.823],[3.0450000000000004,478.42],[293.068,94.84299999999999]],"o":[[-142.263,-456.875],[-250.116,80.94400000000002],[-3.0389999999999997,477.568],[48.274,420.387],[293.068,-353.70500000000004]],"v":[[0,-476.746],[-250.116,-130.779],[-6.489,472.167],[6.514,473.969],[293.068,-153.238]]}],"t":19},{"o":{"x":0.167,"y":0.167},"i":{"x":0.833,"y":0.833},"s":[{"c":true,"i":[[151.177,-499.42499999999995],[-242.361,-300.895],[-45.609,408.57599999999996],[2.9589999999999996,478.439],[285.98,95.203]],"o":[[-138.044,-456.037],[-242.361,80.68299999999999],[-2.954,477.55],[46.957,420.65000000000003],[285.98,-355.049]],"v":[[0,-476.746],[-242.361,-130.358],[-6.307,472.128],[6.332,474.009],[285.98,-153.82]]}],"t":20},{"o":{"x":0.167,"y":0.167},"i":{"x":0.833,"y":0.833},"s":[{"c":true,"i":[[146.944,-500.4],[-234.384,-299.957],[-44.22,408.335],[2.871,478.458],[278.458,95.555]],"o":[[-133.679,-455.227],[-234.384,80.43199999999999],[-2.865,477.532],[45.580999999999996,420.905],[278.458,-356.364]],"v":[[0,-476.746],[-234.384,-129.952],[-6.118,472.089],[6.144,474.048],[278.458,-154.39]]}],"t":21},{"o":{"x":0.167,"y":0.167},"i":{"x":0.833,"y":0.833},"s":[{"c":true,"i":[[142.507,-501.349],[-226.193,-299.054],[-42.778999999999996,408.103],[2.779,478.476],[270.509,95.9]],"o":[[-129.174,-454.44399999999996],[-226.193,80.189],[-2.7739999999999996,477.514],[44.147000000000006,421.15200000000004],[270.509,-357.64599999999996]],"v":[[0,-476.746],[-226.193,-129.561],[-5.922,472.052],[5.947,474.086],[270.509,-154.945]]}],"t":22},{"o":{"x":0.167,"y":0.167},"i":{"x":0.833,"y":0.833},"s":[{"c":true,"i":[[137.87,-502.27],[-217.798,-298.187],[-41.288,407.879],[2.6839999999999997,478.493],[262.14,96.23400000000001]],"o":[[-124.535,-453.69],[-217.798,79.957],[-2.678,477.497],[42.657,421.392],[262.14,-358.89599999999996]],"v":[[0,-476.746],[-217.798,-129.185],[-5.718,472.016],[5.744,474.122],[262.14,-155.487]]}],"t":23},{"o":{"x":0.167,"y":0.167},"i":{"x":0.833,"y":0.833},"s":[{"c":true,"i":[[133.039,-503.162],[-209.209,-297.35400000000004],[-39.751000000000005,407.663],[2.5850000000000004,478.50899999999996],[253.36,96.56]],"o":[[-119.767,-452.965],[-209.209,79.73399999999998],[-2.58,477.48100000000005],[41.111000000000004,421.623],[253.36,-360.108]],"v":[[0,-476.746],[-209.209,-128.824],[-5.508,471.982],[5.533,474.157],[253.36,-156.012]]}],"t":24},{"o":{"x":0.167,"y":0.167},"i":{"x":0.833,"y":0.833},"s":[{"c":true,"i":[[128.02,-504.022],[-200.434,-296.558],[-38.165,407.45399999999995],[2.484,478.525],[244.179,96.875]],"o":[[-114.875,-452.27],[-200.434,79.51999999999998],[-2.478,477.465],[39.514,421.845],[244.179,-361.283]],"v":[[0,-476.746],[-200.434,-128.479],[-5.29,471.948],[5.316,474.19],[244.179,-156.521]]}],"t":25},{"o":{"x":0.167,"y":0.167},"i":{"x":0.833,"y":0.833},"s":[{"c":true,"i":[[122.819,-504.851],[-191.484,-295.798],[-36.537,407.255],[2.3789999999999996,478.541],[234.609,97.178]],"o":[[-109.866,-451.60499999999996],[-191.484,79.31700000000001],[-2.374,477.45],[37.866,422.059],[234.609,-362.418]],"v":[[0,-476.746],[-191.484,-128.15],[-5.067,471.916],[5.092,474.223],[234.609,-157.013]]}],"t":26},{"o":{"x":0.167,"y":0.167},"i":{"x":0.833,"y":0.833},"s":[{"c":true,"i":[[117.443,-505.645],[-182.367,-295.075],[-34.867000000000004,407.06600000000003],[2.271,478.555],[224.66,97.47099999999998]],"o":[[-104.744,-450.971],[-182.367,79.123],[-2.2659999999999996,477.43600000000004],[36.168,422.264],[224.66,-363.50800000000004]],"v":[[0,-476.746],[-182.367,-127.837],[-4.837,471.886],[4.861,474.254],[224.66,-157.485]]}],"t":27},{"o":{"x":0.167,"y":0.167},"i":{"x":0.833,"y":0.833},"s":[{"c":true,"i":[[111.898,-506.405],[-173.093,-294.39],[-33.156,406.884],[2.161,478.569],[214.347,97.751]],"o":[[-99.516,-450.36899999999997],[-173.093,78.93900000000001],[-2.156,477.421],[34.425,422.458],[214.347,-364.555]],"v":[[0,-476.746],[-173.093,-127.54],[-4.602,471.856],[4.625,474.283],[214.347,-157.939]]}],"t":28},{"o":{"x":0.167,"y":0.167},"i":{"x":0.833,"y":0.833},"s":[{"c":true,"i":[[106.191,-507.128],[-163.67,-293.741],[-31.406,406.712],[2.048,478.582],[203.683,98.02000000000001]],"o":[[-94.187,-449.798],[-163.67,78.765],[-2.0420000000000003,477.409],[32.637,422.644],[203.683,-365.553]],"v":[[0,-476.746],[-163.67,-127.259],[-4.36,471.829],[4.383,474.311],[203.683,-158.371]]}],"t":29},{"o":{"x":0.167,"y":0.167},"i":{"x":0.833,"y":0.833},"s":[{"c":true,"i":[[100.331,-507.81399999999996],[-154.108,-293.131],[-29.622,406.55],[1.932,478.594],[192.682,98.27400000000003]],"o":[[-88.762,-449.26],[-154.108,78.601],[-1.927,477.396],[30.807,422.81899999999996],[192.682,-366.503]],"v":[[0,-476.746],[-154.108,-126.995],[-4.114,471.803],[4.136,474.337],[192.682,-158.783]]}],"t":30},{"o":{"x":0.167,"y":0.167},"i":{"x":0.833,"y":0.833},"s":[{"c":true,"i":[[94.325,-508.462],[-144.417,-292.559],[-27.803,406.39700000000005],[1.815,478.606],[181.361,98.51500000000001]],"o":[[-83.249,-448.75399999999996],[-144.417,78.448],[-1.81,477.384],[28.938,422.98400000000004],[181.361,-367.402]],"v":[[0,-476.746],[-144.417,-126.747],[-3.863,471.778],[3.884,474.362],[181.361,-159.172]]}],"t":31},{"o":{"x":0.167,"y":0.167},"i":{"x":0.833,"y":0.833},"s":[{"c":true,"i":[[88.182,-509.07],[-134.604,-292.025],[-25.951999999999998,406.254],[1.6949999999999998,478.617],[169.736,98.74199999999996]],"o":[[-77.652,-448.282],[-134.604,78.30399999999999],[-1.6900000000000002,477.373],[27.031,423.14000000000004],[169.736,-368.247]],"v":[[0,-476.746],[-134.604,-126.516],[-3.607,471.755],[3.627,474.386],[169.736,-159.538]]}],"t":32},{"o":{"x":0.167,"y":0.167},"i":{"x":0.833,"y":0.833},"s":[{"c":true,"i":[[81.91,-509.637],[-124.678,-291.53000000000003],[-24.071,406.12],[1.5720000000000003,478.627],[157.826,98.953]],"o":[[-71.978,-447.84299999999996],[-124.678,78.17200000000001],[-1.568,477.363],[25.088,423.284],[157.826,-369.038]],"v":[[0,-476.746],[-124.678,-126.301],[-3.346,471.733],[3.365,474.407],[157.826,-159.881]]}],"t":33},{"o":{"x":0.167,"y":0.167},"i":{"x":0.833,"y":0.833},"s":[{"c":true,"i":[[75.517,-510.162],[-114.65,-291.073],[-22.163,405.998],[1.4470000000000003,478.637],[145.647,99.14999999999998]],"o":[[-66.232,-447.438],[-114.65,78.05],[-1.444,477.354],[23.113,423.418],[145.647,-369.77200000000005]],"v":[[0,-476.746],[-114.65,-126.103],[-3.082,471.714],[3.099,474.428],[145.647,-160.199]]}],"t":34},{"o":{"x":0.167,"y":0.167},"i":{"x":0.833,"y":0.833},"s":[{"c":true,"i":[[69.013,-510.645],[-104.526,-290.65700000000004],[-20.229,405.885],[1.322,478.64500000000004],[133.221,99.33199999999997]],"o":[[-60.421,-447.067],[-104.526,77.93700000000001],[-1.318,477.34499999999997],[21.109,423.54],[133.221,-370.447]],"v":[[0,-476.746],[-104.526,-125.923],[-2.813,471.695],[2.83,474.446],[133.221,-160.491]]}],"t":35},{"o":{"x":0.167,"y":0.167},"i":{"x":0.833,"y":0.833},"s":[{"c":true,"i":[[62.407,-511.085],[-94.317,-290.278],[-18.273,405.78299999999996],[1.194,478.654],[120.566,99.49699999999999]],"o":[[-54.549,-446.731],[-94.317,77.836],[-1.1909999999999998,477.337],[19.076999999999998,423.65200000000004],[120.566,-371.063]],"v":[[0,-476.746],[-94.317,-125.759],[-2.542,471.679],[2.557,474.463],[120.566,-160.758]]}],"t":36},{"o":{"x":0.167,"y":0.167},"i":{"x":0.833,"y":0.833},"s":[{"c":true,"i":[[55.709,-511.47999999999996],[-84.031,-289.94],[-16.295,405.691],[1.066,478.661],[107.703,99.64500000000001]],"o":[[-48.624,-446.43],[-84.031,77.745],[-1.0619999999999998,477.33],[17.021,423.752],[107.703,-371.618]],"v":[[0,-476.746],[-84.031,-125.612],[-2.267,471.664],[2.281,474.478],[107.703,-160.999]]}],"t":37},{"o":{"x":0.167,"y":0.167},"i":{"x":0.833,"y":0.833},"s":[{"c":true,"i":[[48.929,-511.83],[-73.677,-289.64],[-14.299,405.61],[0.9349999999999998,478.667],[94.654,99.77699999999999]],"o":[[-42.651,-446.163],[-73.677,77.666],[-0.933,477.324],[14.942,423.841],[94.654,-372.11]],"v":[[0,-476.746],[-73.677,-125.482],[-1.99,471.651],[2.002,474.491],[94.654,-161.212]]}],"t":38},{"o":{"x":0.167,"y":0.167},"i":{"x":0.833,"y":0.833},"s":[{"c":true,"i":[[42.075,-512.135],[-63.262,-289.381],[-12.286999999999999,405.539],[0.8029999999999999,478.67199999999997],[81.441,99.89200000000002]],"o":[[-36.636,-445.931],[-63.262,77.596],[-0.8009999999999999,477.318],[12.843,423.918],[81.441,-372.53999999999996]],"v":[[0,-476.746],[-63.262,-125.37],[-1.71,471.639],[1.72,474.503],[81.441,-161.398]]}],"t":39},{"o":{"x":0.167,"y":0.167},"i":{"x":0.833,"y":0.833},"s":[{"c":true,"i":[[35.159,-512.394],[-52.796,-289.161],[-10.260000000000002,405.48],[0.671,478.676],[68.087,99.98999999999998]],"o":[[-30.585,-445.73499999999996],[-52.796,77.536],[-0.6689999999999999,477.314],[10.729,423.983],[68.087,-372.904]],"v":[[0,-476.746],[-52.796,-125.275],[-1.428,471.63],[1.437,474.512],[68.087,-161.556]]}],"t":40},{"o":{"x":0.167,"y":0.167},"i":{"x":0.833,"y":0.833},"s":[{"c":true,"i":[[28.19,-512.607],[-42.288,-288.981],[-8.223,405.43100000000004],[0.5379999999999999,478.68],[54.613,100.06999999999996]],"o":[[-24.504,-445.575],[-42.288,77.488],[-0.537,477.31],[8.6,424.036],[54.613,-373.204]],"v":[[0,-476.746],[-42.288,-125.197],[-1.145,471.622],[1.152,474.52],[54.613,-161.686]]}],"t":41},{"o":{"x":0.167,"y":0.167},"i":{"x":0.833,"y":0.833},"s":[{"c":true,"i":[[21.18,-512.773],[-31.746,-288.841],[-6.175000000000001,405.393],[0.40399999999999997,478.68399999999997],[41.044,100.13300000000001]],"o":[[-18.399,-445.44899999999996],[-31.746,77.451],[-0.40299999999999997,477.308],[6.46,424.079],[41.044,-373.438]],"v":[[0,-476.746],[-31.746,-125.136],[-0.86,471.616],[0.865,474.527],[41.044,-161.787]]}],"t":42},{"o":{"x":0.167,"y":0.167},"i":{"x":0.833,"y":0.833},"s":[{"c":true,"i":[[14.137,-512.891],[-21.178,-288.741],[-4.121,405.365],[0.26899999999999996,478.685],[27.403,100.178]],"o":[[-12.276,-445.35999999999996],[-21.178,77.42399999999999],[-0.26899999999999996,477.305],[4.311,424.108],[27.403,-373.606]],"v":[[0,-476.746],[-21.178,-125.093],[-0.574,471.611],[0.577,474.531],[27.403,-161.86]]}],"t":43},{"o":{"x":0.167,"y":0.167},"i":{"x":0.833,"y":0.833},"s":[{"c":true,"i":[[7.074,-512.962],[-10.593,-288.681],[-2.061,405.349],[0.13499999999999998,478.687],[13.713,100.20500000000001]],"o":[[-6.141,-445.306],[-10.593,77.408],[-0.13399999999999998,477.304],[2.157,424.127],[13.713,-373.706]],"v":[[0,-476.746],[-10.593,-125.067],[-0.287,471.609],[0.289,474.534],[13.713,-161.903]]}],"t":44},{"o":{"x":0.167,"y":0.167},"i":{"x":0.833,"y":0.833},"s":[{"c":true,"i":[[0,-512.986],[0,-288.661],[0,405.344],[0,478.687],[0,100.214]],"o":[[0,-445.288],[0,77.403],[0,477.30400000000003],[0,424.13300000000004],[0,-373.74]],"v":[[0,-476.746],[0,-125.058],[0,471.608],[0,474.535],[0,-161.918]]}],"t":45},{"o":{"x":0.167,"y":0.167},"i":{"x":0.833,"y":0.833},"s":[{"c":true,"i":[[-7.074,-512.962],[10.593,-288.681],[2.061,405.349],[-0.13499999999999998,478.687],[-13.713,100.20500000000001]],"o":[[6.141,-445.306],[10.593,77.408],[0.13399999999999998,477.304],[-2.157,424.127],[-13.713,-373.706]],"v":[[0,-476.746],[10.593,-125.067],[0.287,471.609],[-0.289,474.534],[-13.713,-161.903]]}],"t":46},{"o":{"x":0.167,"y":0.167},"i":{"x":0.833,"y":0.833},"s":[{"c":true,"i":[[-14.137,-512.891],[21.178,-288.741],[4.121,405.365],[-0.26899999999999996,478.685],[-27.403,100.178]],"o":[[12.276,-445.35999999999996],[21.178,77.42399999999999],[0.26899999999999996,477.305],[-4.311,424.108],[-27.403,-373.606]],"v":[[0,-476.746],[21.178,-125.093],[0.574,471.611],[-0.577,474.531],[-27.403,-161.86]]}],"t":47},{"o":{"x":0.167,"y":0.167},"i":{"x":0.833,"y":0.833},"s":[{"c":true,"i":[[-21.18,-512.773],[31.746,-288.841],[6.175000000000001,405.393],[-0.40399999999999997,478.68399999999997],[-41.044,100.13300000000001]],"o":[[18.399,-445.44899999999996],[31.746,77.451],[0.40299999999999997,477.308],[-6.46,424.079],[-41.044,-373.438]],"v":[[0,-476.746],[31.746,-125.136],[0.86,471.616],[-0.865,474.527],[-41.044,-161.787]]}],"t":48},{"o":{"x":0.167,"y":0.167},"i":{"x":0.833,"y":0.833},"s":[{"c":true,"i":[[-28.19,-512.607],[42.288,-288.981],[8.223,405.43100000000004],[-0.5379999999999999,478.68],[-54.613,100.06999999999996]],"o":[[24.504,-445.575],[42.288,77.488],[0.537,477.31],[-8.6,424.036],[-54.613,-373.204]],"v":[[0,-476.746],[42.288,-125.197],[1.145,471.622],[-1.152,474.52],[-54.613,-161.686]]}],"t":49},{"o":{"x":0.167,"y":0.167},"i":{"x":0.833,"y":0.833},"s":[{"c":true,"i":[[-35.159,-512.394],[52.796,-289.161],[10.260000000000002,405.48],[-0.671,478.676],[-68.087,99.98999999999998]],"o":[[30.585,-445.73499999999996],[52.796,77.536],[0.6689999999999999,477.314],[-10.729,423.983],[-68.087,-372.904]],"v":[[0,-476.746],[52.796,-125.275],[1.428,471.63],[-1.437,474.512],[-68.087,-161.556]]}],"t":50},{"o":{"x":0.167,"y":0.167},"i":{"x":0.833,"y":0.833},"s":[{"c":true,"i":[[-42.075,-512.135],[63.262,-289.381],[12.286999999999999,405.539],[-0.8029999999999999,478.67199999999997],[-81.441,99.89200000000002]],"o":[[36.636,-445.931],[63.262,77.596],[0.8009999999999999,477.318],[-12.843,423.918],[-81.441,-372.53999999999996]],"v":[[0,-476.746],[63.262,-125.37],[1.71,471.639],[-1.72,474.503],[-81.441,-161.398]]}],"t":51},{"o":{"x":0.167,"y":0.167},"i":{"x":0.833,"y":0.833},"s":[{"c":true,"i":[[-48.929,-511.83],[73.677,-289.64],[14.299,405.61],[-0.9349999999999998,478.667],[-94.654,99.77699999999999]],"o":[[42.651,-446.163],[73.677,77.666],[0.933,477.324],[-14.942,423.841],[-94.654,-372.11]],"v":[[0,-476.746],[73.677,-125.482],[1.99,471.651],[-2.002,474.491],[-94.654,-161.212]]}],"t":52},{"o":{"x":0.167,"y":0.167},"i":{"x":0.833,"y":0.833},"s":[{"c":true,"i":[[-55.709,-511.47999999999996],[84.031,-289.94],[16.295,405.691],[-1.066,478.661],[-107.703,99.64500000000001]],"o":[[48.624,-446.43],[84.031,77.745],[1.0619999999999998,477.33],[-17.021,423.752],[-107.703,-371.618]],"v":[[0,-476.746],[84.031,-125.612],[2.267,471.664],[-2.281,474.478],[-107.703,-160.999]]}],"t":53},{"o":{"x":0.167,"y":0.167},"i":{"x":0.833,"y":0.833},"s":[{"c":true,"i":[[-62.407,-511.085],[94.317,-290.278],[18.273,405.78299999999996],[-1.194,478.654],[-120.566,99.49699999999999]],"o":[[54.549,-446.731],[94.317,77.836],[1.1909999999999998,477.337],[-19.076999999999998,423.65200000000004],[-120.566,-371.063]],"v":[[0,-476.746],[94.317,-125.759],[2.542,471.679],[-2.557,474.463],[-120.566,-160.758]]}],"t":54},{"o":{"x":0.167,"y":0.167},"i":{"x":0.833,"y":0.833},"s":[{"c":true,"i":[[-69.013,-510.645],[104.526,-290.65700000000004],[20.229,405.885],[-1.322,478.64500000000004],[-133.221,99.33199999999997]],"o":[[60.421,-447.067],[104.526,77.93700000000001],[1.318,477.34499999999997],[-21.109,423.54],[-133.221,-370.447]],"v":[[0,-476.746],[104.526,-125.923],[2.813,471.695],[-2.83,474.446],[-133.221,-160.491]]}],"t":55},{"o":{"x":0.167,"y":0.167},"i":{"x":0.833,"y":0.833},"s":[{"c":true,"i":[[-75.517,-510.162],[114.65,-291.073],[22.163,405.998],[-1.4470000000000003,478.637],[-145.647,99.14999999999998]],"o":[[66.232,-447.438],[114.65,78.05],[1.444,477.354],[-23.113,423.418],[-145.647,-369.77200000000005]],"v":[[0,-476.746],[114.65,-126.103],[3.082,471.714],[-3.099,474.428],[-145.647,-160.199]]}],"t":56},{"o":{"x":0.167,"y":0.167},"i":{"x":0.833,"y":0.833},"s":[{"c":true,"i":[[-81.91,-509.637],[124.678,-291.53000000000003],[24.071,406.12],[-1.5720000000000003,478.627],[-157.826,98.953]],"o":[[71.978,-447.84299999999996],[124.678,78.17200000000001],[1.568,477.363],[-25.088,423.284],[-157.826,-369.038]],"v":[[0,-476.746],[124.678,-126.301],[3.346,471.733],[-3.365,474.407],[-157.826,-159.881]]}],"t":57},{"o":{"x":0.167,"y":0.167},"i":{"x":0.833,"y":0.833},"s":[{"c":true,"i":[[-88.182,-509.07],[134.604,-292.025],[25.951999999999998,406.254],[-1.6949999999999998,478.617],[-169.736,98.74199999999996]],"o":[[77.652,-448.282],[134.604,78.30399999999999],[1.6900000000000002,477.373],[-27.031,423.14000000000004],[-169.736,-368.247]],"v":[[0,-476.746],[134.604,-126.516],[3.607,471.755],[-3.627,474.386],[-169.736,-159.538]]}],"t":58},{"o":{"x":0.167,"y":0.167},"i":{"x":0.833,"y":0.833},"s":[{"c":true,"i":[[-94.325,-508.462],[144.417,-292.559],[27.803,406.39700000000005],[-1.815,478.606],[-181.361,98.51500000000001]],"o":[[83.249,-448.75399999999996],[144.417,78.448],[1.81,477.384],[-28.938,422.98400000000004],[-181.361,-367.402]],"v":[[0,-476.746],[144.417,-126.747],[3.863,471.778],[-3.884,474.362],[-181.361,-159.172]]}],"t":59},{"o":{"x":0.167,"y":0.167},"i":{"x":0.833,"y":0.833},"s":[{"c":true,"i":[[-100.331,-507.81399999999996],[154.108,-293.131],[29.622,406.55],[-1.932,478.594],[-192.682,98.27400000000003]],"o":[[88.762,-449.26],[154.108,78.601],[1.927,477.396],[-30.807,422.81899999999996],[-192.682,-366.503]],"v":[[0,-476.746],[154.108,-126.995],[4.114,471.803],[-4.136,474.337],[-192.682,-158.783]]}],"t":60},{"o":{"x":0.167,"y":0.167},"i":{"x":0.833,"y":0.833},"s":[{"c":true,"i":[[-106.191,-507.128],[163.67,-293.741],[31.406,406.712],[-2.048,478.582],[-203.683,98.02000000000001]],"o":[[94.187,-449.798],[163.67,78.765],[2.0420000000000003,477.409],[-32.637,422.644],[-203.683,-365.553]],"v":[[0,-476.746],[163.67,-127.259],[4.36,471.829],[-4.383,474.311],[-203.683,-158.371]]}],"t":61},{"o":{"x":0.167,"y":0.167},"i":{"x":0.833,"y":0.833},"s":[{"c":true,"i":[[-111.898,-506.405],[173.093,-294.39],[33.156,406.884],[-2.161,478.569],[-214.347,97.751]],"o":[[99.516,-450.36899999999997],[173.093,78.93900000000001],[2.156,477.421],[-34.425,422.458],[-214.347,-364.555]],"v":[[0,-476.746],[173.093,-127.54],[4.602,471.856],[-4.625,474.283],[-214.347,-157.939]]}],"t":62},{"o":{"x":0.167,"y":0.167},"i":{"x":0.833,"y":0.833},"s":[{"c":true,"i":[[-117.443,-505.645],[182.367,-295.075],[34.867000000000004,407.06600000000003],[-2.271,478.555],[-224.66,97.47099999999998]],"o":[[104.744,-450.971],[182.367,79.123],[2.2659999999999996,477.43600000000004],[-36.168,422.264],[-224.66,-363.50800000000004]],"v":[[0,-476.746],[182.367,-127.837],[4.837,471.886],[-4.861,474.254],[-224.66,-157.485]]}],"t":63},{"o":{"x":0.167,"y":0.167},"i":{"x":0.833,"y":0.833},"s":[{"c":true,"i":[[-122.819,-504.851],[191.484,-295.798],[36.537,407.255],[-2.3789999999999996,478.541],[-234.609,97.178]],"o":[[109.866,-451.60499999999996],[191.484,79.31700000000001],[2.374,477.45],[-37.866,422.059],[-234.609,-362.418]],"v":[[0,-476.746],[191.484,-128.15],[5.067,471.916],[-5.092,474.223],[-234.609,-157.013]]}],"t":64},{"o":{"x":0.167,"y":0.167},"i":{"x":0.833,"y":0.833},"s":[{"c":true,"i":[[-128.02,-504.022],[200.434,-296.558],[38.165,407.45399999999995],[-2.484,478.525],[-244.179,96.875]],"o":[[114.875,-452.27],[200.434,79.51999999999998],[2.478,477.465],[-39.514,421.845],[-244.179,-361.283]],"v":[[0,-476.746],[200.434,-128.479],[5.29,471.948],[-5.316,474.19],[-244.179,-156.521]]}],"t":65},{"o":{"x":0.167,"y":0.167},"i":{"x":0.833,"y":0.833},"s":[{"c":true,"i":[[-133.039,-503.162],[209.209,-297.35400000000004],[39.751000000000005,407.663],[-2.5850000000000004,478.50899999999996],[-253.36,96.56]],"o":[[119.767,-452.965],[209.209,79.73399999999998],[2.58,477.48100000000005],[-41.111000000000004,421.623],[-253.36,-360.108]],"v":[[0,-476.746],[209.209,-128.824],[5.508,471.982],[-5.533,474.157],[-253.36,-156.012]]}],"t":66},{"o":{"x":0.167,"y":0.167},"i":{"x":0.833,"y":0.833},"s":[{"c":true,"i":[[-137.87,-502.27],[217.798,-298.187],[41.288,407.879],[-2.6839999999999997,478.493],[-262.14,96.23400000000001]],"o":[[124.535,-453.69],[217.798,79.957],[2.678,477.497],[-42.657,421.392],[-262.14,-358.89599999999996]],"v":[[0,-476.746],[217.798,-129.185],[5.718,472.016],[-5.744,474.122],[-262.14,-155.487]]}],"t":67},{"o":{"x":0.167,"y":0.167},"i":{"x":0.833,"y":0.833},"s":[{"c":true,"i":[[-142.507,-501.349],[226.193,-299.054],[42.778999999999996,408.103],[-2.779,478.476],[-270.509,95.9]],"o":[[129.174,-454.44399999999996],[226.193,80.189],[2.7739999999999996,477.514],[-44.147000000000006,421.15200000000004],[-270.509,-357.64599999999996]],"v":[[0,-476.746],[226.193,-129.561],[5.922,472.052],[-5.947,474.086],[-270.509,-154.945]]}],"t":68},{"o":{"x":0.167,"y":0.167},"i":{"x":0.833,"y":0.833},"s":[{"c":true,"i":[[-146.944,-500.4],[234.384,-299.957],[44.22,408.335],[-2.871,478.458],[-278.458,95.555]],"o":[[133.679,-455.227],[234.384,80.43199999999999],[2.865,477.532],[-45.580999999999996,420.905],[-278.458,-356.364]],"v":[[0,-476.746],[234.384,-129.952],[6.118,472.089],[-6.144,474.048],[-278.458,-154.39]]}],"t":69},{"o":{"x":0.167,"y":0.167},"i":{"x":0.833,"y":0.833},"s":[{"c":true,"i":[[-151.177,-499.42499999999995],[242.361,-300.895],[45.609,408.57599999999996],[-2.9589999999999996,478.439],[-285.98,95.203]],"o":[[138.044,-456.037],[242.361,80.68299999999999],[2.954,477.55],[-46.957,420.65000000000003],[-285.98,-355.049]],"v":[[0,-476.746],[242.361,-130.358],[6.307,472.128],[-6.332,474.009],[-285.98,-153.82]]}],"t":70},{"o":{"x":0.167,"y":0.167},"i":{"x":0.833,"y":0.833},"s":[{"c":true,"i":[[-155.2,-498.424],[250.116,-301.866],[46.946,408.823],[-3.044,478.42],[-293.068,94.84299999999999]],"o":[[142.263,-456.875],[250.116,80.94400000000002],[3.0389999999999997,477.568],[-48.272999999999996,420.387],[-293.068,-353.70500000000004]],"v":[[0,-476.746],[250.116,-130.779],[6.489,472.167],[-6.513,473.969],[-293.068,-153.238]]}],"t":71},{"o":{"x":0.167,"y":0.167},"i":{"x":0.833,"y":0.833},"s":[{"c":true,"i":[[-159.01,-497.4],[257.638,-302.872],[48.227,409.07800000000003],[-3.1260000000000003,478.401],[-299.715,94.475]],"o":[[146.331,-457.739],[257.638,81.21199999999999],[3.12,477.588],[-49.528999999999996,420.118],[-299.715,-352.336]],"v":[[0,-476.746],[257.638,-131.215],[6.662,472.208],[-6.687,473.928],[-299.715,-152.645]]}],"t":72},{"o":{"x":0.167,"y":0.167},"i":{"x":0.833,"y":0.833},"s":[{"c":true,"i":[[-162.603,-496.354],[264.919,-303.909],[49.452000000000005,409.34000000000003],[-3.202,478.38100000000003],[-305.917,94.102]],"o":[[150.244,-458.628],[264.919,81.49100000000001],[3.1980000000000004,477.608],[-50.721,419.843],[-305.917,-350.942]],"v":[[0,-476.746],[264.919,-131.664],[6.828,472.25],[-6.851,473.886],[-305.917,-152.041]]}],"t":73},{"o":{"x":0.167,"y":0.167},"i":{"x":0.833,"y":0.833},"s":[{"c":true,"i":[[-165.974,-495.288],[271.947,-304.979],[50.619,409.60799999999995],[-3.276,478.36199999999997],[-311.669,93.72200000000001]],"o":[[153.995,-459.542],[271.947,81.77800000000002],[3.2710000000000004,477.628],[-51.849000000000004,419.562],[-311.669,-349.527]],"v":[[0,-476.746],[271.947,-132.128],[6.985,472.292],[-7.008,473.844],[-311.669,-151.428]]}],"t":74},{"o":{"x":0.167,"y":0.167},"i":{"x":0.833,"y":0.833},"s":[{"c":true,"i":[[-169.121,-494.203],[278.715,-306.08],[51.727000000000004,409.88300000000004],[-3.3449999999999998,478.341],[-316.969,93.33699999999999]],"o":[[157.581,-460.481],[278.715,82.07300000000001],[3.341,477.649],[-52.912,419.274],[-316.969,-348.091]],"v":[[0,-476.746],[278.715,-132.605],[7.134,472.336],[-7.156,473.8],[-316.969,-150.806]]}],"t":75},{"o":{"x":0.167,"y":0.167},"i":{"x":0.833,"y":0.833},"s":[{"c":true,"i":[[-172.041,-493.09999999999997],[285.212,-307.212],[52.774,410.164],[-3.41,478.32],[-321.814,92.94800000000001]],"o":[[160.995,-461.442],[285.212,82.37700000000001],[3.406,477.66999999999996],[-53.908,418.981],[-321.814,-346.638]],"v":[[0,-476.746],[285.212,-133.095],[7.274,472.381],[-7.295,473.755],[-321.814,-150.176]]}],"t":76},{"o":{"x":0.167,"y":0.167},"i":{"x":0.833,"y":0.833},"s":[{"c":true,"i":[[-174.731,-491.98199999999997],[291.429,-308.374],[53.758,410.449],[-3.4709999999999996,478.298],[-326.203,92.554]],"o":[[164.234,-462.42499999999995],[291.429,82.68800000000002],[3.467,477.691],[-54.836999999999996,418.682],[-326.203,-345.171]],"v":[[0,-476.746],[291.429,-133.599],[7.405,472.426],[-7.425,473.709],[-326.203,-149.541]]}],"t":77},{"o":{"x":0.167,"y":0.167},"i":{"x":0.833,"y":0.833},"s":[{"c":true,"i":[[-177.191,-490.84999999999997],[297.355,-309.56399999999996],[54.679,410.74],[-3.5280000000000005,478.276],[-330.136,92.15699999999998]],"o":[[167.292,-463.43],[297.355,83.00800000000001],[3.524,477.71299999999997],[-55.696,418.38],[-330.136,-343.692]],"v":[[0,-476.746],[297.355,-134.114],[7.527,472.472],[-7.546,473.663],[-330.136,-148.9]]}],"t":78},{"o":{"x":0.167,"y":0.167},"i":{"x":0.833,"y":0.833},"s":[{"c":true,"i":[[-179.417,-489.70599999999996],[302.983,-310.784],[55.536,411.03700000000003],[-3.58,478.25399999999996],[-333.612,91.75800000000001]],"o":[[170.165,-464.455],[302.983,83.334],[3.5759999999999996,477.735],[-56.486000000000004,418.073],[-333.612,-342.201]],"v":[[0,-476.746],[302.983,-134.643],[7.64,472.519],[-7.658,473.616],[-333.612,-148.254]]}],"t":79},{"o":{"x":0.167,"y":0.167},"i":{"x":0.833,"y":0.833},"s":[{"c":true,"i":[[-181.408,-488.54999999999995],[308.302,-312.029],[56.326,411.339],[-3.6290000000000004,478.231],[-336.632,91.35600000000002]],"o":[[172.849,-465.49899999999997],[308.302,83.66900000000001],[3.625,477.758],[-57.206,417.762],[-336.632,-340.703]],"v":[[0,-476.746],[308.302,-135.182],[7.744,472.567],[-7.761,473.568],[-336.632,-147.605]]}],"t":80},{"o":{"x":0.167,"y":0.167},"i":{"x":0.833,"y":0.833},"s":[{"c":true,"i":[[-183.164,-487.38599999999997],[313.302,-313.30100000000004],[57.05,411.644],[-3.673,478.208],[-339.199,90.953]],"o":[[175.338,-466.561],[313.302,84.00999999999999],[3.670000000000001,477.781],[-57.855,417.447],[-339.199,-339.20000000000005]],"v":[[0,-476.746],[313.302,-135.733],[7.839,472.615],[-7.854,473.519],[-339.199,-146.954]]}],"t":81},{"o":{"x":0.167,"y":0.167},"i":{"x":0.833,"y":0.833},"s":[{"c":true,"i":[[-184.684,-486.214],[317.975,-314.599],[57.705999999999996,411.953],[-3.7120000000000006,478.185],[-341.315,90.54899999999998]],"o":[[177.629,-467.64],[317.975,84.357],[3.7090000000000005,477.804],[-58.43,417.129],[-341.315,-337.69100000000003]],"v":[[0,-476.746],[317.975,-136.296],[7.924,472.664],[-7.937,473.47],[-341.315,-146.3]]}],"t":82},{"o":{"x":0.167,"y":0.167},"i":{"x":0.833,"y":0.833},"s":[{"c":true,"i":[[-185.968,-485.036],[322.311,-315.91999999999996],[58.292,412.266],[-3.7459999999999996,478.162],[-342.983,90.14500000000001]],"o":[[179.719,-468.73499999999996],[322.311,84.71100000000001],[3.7439999999999998,477.827],[-58.934,416.80899999999997],[-342.983,-336.182]],"v":[[0,-476.746],[322.311,-136.868],[7.999,472.713],[-8.011,473.421],[-342.983,-145.646]]}],"t":83},{"o":{"x":0.167,"y":0.167},"i":{"x":0.833,"y":0.833},"s":[{"c":true,"i":[[-187.016,-483.853],[326.302,-317.264],[58.809,412.582],[-3.7769999999999992,478.138],[-344.207,89.74000000000001]],"o":[[181.602,-469.84499999999997],[326.302,85.072],[3.7749999999999995,477.851],[-59.364999999999995,416.486],[-344.207,-334.674]],"v":[[0,-476.746],[326.302,-137.45],[8.065,472.763],[-8.075,473.371],[-344.207,-144.993]]}],"t":84},{"o":{"x":0.167,"y":0.167},"i":{"x":0.833,"y":0.833},"s":[{"c":true,"i":[[-187.828,-482.667],[329.938,-318.63],[59.254999999999995,412.901],[-3.8019999999999996,478.115],[-344.991,89.33599999999998]],"o":[[183.276,-470.96799999999996],[329.938,85.43799999999999],[3.799999999999999,477.875],[-59.723,416.16200000000003],[-344.991,-333.16700000000003]],"v":[[0,-476.746],[329.938,-138.042],[8.12,472.813],[-8.129,473.321],[-344.991,-144.34]]}],"t":85},{"o":{"x":0.167,"y":0.167},"i":{"x":0.833,"y":0.833},"s":[{"c":true,"i":[[-188.405,-481.47999999999996],[333.211,-320.017],[59.629999999999995,413.222],[-3.8230000000000004,478.09],[-345.34,88.93300000000002]],"o":[[184.736,-472.104],[333.211,85.809],[3.8210000000000006,477.898],[-60.007000000000005,415.836],[-345.34,-331.66499999999996]],"v":[[0,-476.746],[333.211,-138.643],[8.166,472.863],[-8.173,473.27],[-345.34,-143.689]]}],"t":86},{"o":{"x":0.167,"y":0.167},"i":{"x":0.833,"y":0.833},"s":[{"c":true,"i":[[-188.748,-480.293],[336.111,-321.421],[59.933,413.546],[-3.8390000000000004,478.067],[-345.259,88.53200000000001]],"o":[[185.981,-473.251],[336.111,86.18699999999998],[3.838,477.92199999999997],[-60.217,415.509],[-345.259,-330.169]],"v":[[0,-476.746],[336.111,-139.251],[8.202,472.914],[-8.207,473.22],[-345.259,-143.041]]}],"t":87},{"o":{"x":0.167,"y":0.167},"i":{"x":0.833,"y":0.833},"s":[{"c":true,"i":[[-188.858,-479.10699999999997],[338.632,-322.844],[60.163000000000004,413.871],[-3.850999999999999,478.043],[-344.754,88.13300000000001]],"o":[[187.005,-474.40799999999996],[338.632,86.56800000000001],[3.8499999999999996,477.947],[-60.354,415.181],[-344.754,-328.682]],"v":[[0,-476.746],[338.632,-139.868],[8.228,472.965],[-8.232,473.169],[-344.754,-142.397]]}],"t":88},{"o":{"x":0.167,"y":0.167},"i":{"x":0.833,"y":0.833},"s":[{"c":true,"i":[[-188.737,-477.924],[340.764,-324.283],[60.321,414.19800000000004],[-3.8580000000000005,478.019],[-343.833,87.737]],"o":[[187.808,-475.573],[340.764,86.95399999999998],[3.857,477.971],[-60.417,414.853],[-343.833,-327.203]],"v":[[0,-476.746],[340.764,-140.491],[8.244,473.016],[-8.246,473.118],[-343.833,-141.756]]}],"t":89}],"ix":2},"_render":true},{"ty":"sh","bm":0,"cl":"","ln":"","hd":false,"mn":"ADBE Vector Shape - Group","nm":"Inside","ix":2,"d":1,"ks":{"a":1,"k":[{"o":{"x":0.167,"y":0.167},"i":{"x":0.833,"y":0.833},"s":[{"c":true,"i":[[85.618,8.723],[-152.891,-57.22200000000001],[-85.618,-290.965],[152.891,-225.02700000000002]],"o":[[-85.611,8.723],[-152.891,-225.02700000000002],[85.618,-290.965],[152.891,-57.22200000000001]],"v":[[0,8.723],[-152.891,-141.121],[0,-290.965],[152.891,-141.121]]}],"t":0},{"o":{"x":0.167,"y":0.167},"i":{"x":0.833,"y":0.833},"s":[{"c":true,"i":[[85.662,8.733],[-152.492,-57.108000000000004],[-85.47,-290.63899999999995],[153.104,-225.478]],"o":[[-85.463,8.713000000000001],[-152.492,-224.577],[85.662,-291.291],[153.104,-57.337]],"v":[[0,8.723],[-152.492,-140.839],[0,-290.965],[153.104,-141.404]]}],"t":1},{"o":{"x":0.167,"y":0.167},"i":{"x":0.833,"y":0.833},"s":[{"c":true,"i":[[85.601,8.743],[-151.911,-56.994],[-85.219,-290.315],[153.131,-225.93099999999998]],"o":[[-85.212,8.704],[-151.911,-224.13],[85.601,-291.618],[153.131,-57.451999999999984]],"v":[[0,8.723],[-151.911,-140.559],[0,-290.965],[153.131,-141.688]]}],"t":2},{"o":{"x":0.167,"y":0.167},"i":{"x":0.833,"y":0.833},"s":[{"c":true,"i":[[85.436,8.752],[-151.147,-56.881],[-84.864,-289.99199999999996],[152.97,-226.38400000000001]],"o":[[-84.858,8.694],[-151.147,-223.686],[85.436,-291.945],[152.97,-57.56700000000001]],"v":[[0,8.723],[-151.147,-140.28],[0,-290.965],[152.97,-141.972]]}],"t":3},{"o":{"x":0.167,"y":0.167},"i":{"x":0.833,"y":0.833},"s":[{"c":true,"i":[[85.165,8.762],[-150.204,-56.76899999999999],[-84.408,-289.671],[152.621,-226.837]],"o":[[-84.401,8.684000000000001],[-150.204,-223.245],[85.165,-292.27099999999996],[152.621,-57.682]],"v":[[0,8.723],[-150.204,-140.004],[0,-290.965],[152.621,-142.256]]}],"t":4},{"o":{"x":0.167,"y":0.167},"i":{"x":0.833,"y":0.833},"s":[{"c":true,"i":[[84.79,8.772],[-149.084,-56.65799999999999],[-83.85,-289.352],[152.082,-227.289]],"o":[[-83.843,8.675],[-149.084,-222.80899999999997],[84.79,-292.59599999999995],[152.082,-57.79799999999999]],"v":[[0,8.723],[-149.084,-139.73],[0,-290.965],[152.082,-142.54]]}],"t":5},{"o":{"x":0.167,"y":0.167},"i":{"x":0.833,"y":0.833},"s":[{"c":true,"i":[[84.31,8.782],[-147.788,-56.548],[-83.192,-289.036],[151.354,-227.741]],"o":[[-83.185,8.665000000000001],[-147.788,-222.375],[84.31,-292.91999999999996],[151.354,-57.912000000000006]],"v":[[0,8.723],[-147.788,-139.458],[0,-290.965],[151.354,-142.823]]}],"t":6},{"o":{"x":0.167,"y":0.167},"i":{"x":0.833,"y":0.833},"s":[{"c":true,"i":[[83.725,8.791],[-146.32,-56.43899999999999],[-82.435,-288.722],[150.436,-228.192]],"o":[[-82.428,8.656],[-146.32,-221.94799999999998],[83.725,-293.243],[150.436,-58.027]],"v":[[0,8.723],[-146.32,-139.19],[0,-290.965],[150.436,-143.106]]}],"t":7},{"o":{"x":0.167,"y":0.167},"i":{"x":0.833,"y":0.833},"s":[{"c":true,"i":[[83.036,8.801],[-144.681,-56.33100000000002],[-81.579,-288.41299999999995],[149.328,-228.64]],"o":[[-81.573,8.647],[-144.681,-221.525],[83.036,-293.563],[149.328,-58.141000000000005]],"v":[[0,8.723],[-144.681,-138.925],[0,-290.965],[149.328,-143.387]]}],"t":8},{"o":{"x":0.167,"y":0.167},"i":{"x":0.833,"y":0.833},"s":[{"c":true,"i":[[82.244,8.81],[-142.876,-56.225999999999985],[-80.628,-288.10699999999997],[148.03,-229.08499999999998]],"o":[[-80.621,8.637],[-142.876,-221.10899999999998],[82.244,-293.881],[148.03,-58.25399999999999]],"v":[[0,8.723],[-142.876,-138.664],[0,-290.965],[148.03,-143.666]]}],"t":9},{"o":{"x":0.167,"y":0.167},"i":{"x":0.833,"y":0.833},"s":[{"c":true,"i":[[81.348,8.82],[-140.907,-56.122000000000014],[-79.581,-287.80499999999995],[146.544,-229.528]],"o":[[-79.575,8.628],[-140.907,-220.699],[81.348,-294.19599999999997],[146.544,-58.36699999999999]],"v":[[0,8.723],[-140.907,-138.407],[0,-290.965],[146.544,-143.944]]}],"t":10},{"o":{"x":0.167,"y":0.167},"i":{"x":0.833,"y":0.833},"s":[{"c":true,"i":[[80.35,8.829],[-138.777,-56.01899999999999],[-78.44,-287.50699999999995],[144.869,-229.96499999999997]],"o":[[-78.434,8.619000000000002],[-138.777,-220.29500000000002],[80.35,-294.50699999999995],[144.869,-58.477999999999994]],"v":[[0,8.723],[-138.777,-138.154],[0,-290.965],[144.869,-144.218]]}],"t":11},{"o":{"x":0.167,"y":0.167},"i":{"x":0.833,"y":0.833},"s":[{"c":true,"i":[[79.251,8.838000000000001],[-136.49,-55.918000000000006],[-77.208,-287.214],[143.007,-230.399]],"o":[[-77.202,8.611],[-136.49,-219.899],[79.251,-294.815],[143.007,-58.58800000000001]],"v":[[0,8.723],[-136.49,-137.905],[0,-290.965],[143.007,-144.49]]}],"t":12},{"o":{"x":0.167,"y":0.167},"i":{"x":0.833,"y":0.833},"s":[{"c":true,"i":[[78.052,8.847000000000001],[-134.048,-55.819],[-75.885,-286.92699999999996],[140.96,-230.82799999999997]],"o":[[-75.879,8.602],[-134.048,-219.51],[78.052,-295.11899999999997],[140.96,-58.69699999999999]],"v":[[0,8.723],[-134.048,-137.661],[0,-290.965],[140.96,-144.759]]}],"t":13},{"o":{"x":0.167,"y":0.167},"i":{"x":0.833,"y":0.833},"s":[{"c":true,"i":[[76.753,8.856000000000002],[-131.456,-55.721999999999994],[-74.474,-286.64399999999995],[138.729,-231.252]],"o":[[-74.468,8.594000000000001],[-131.456,-219.128],[76.753,-295.41799999999995],[138.729,-58.80500000000001]],"v":[[0,8.723],[-131.456,-137.422],[0,-290.965],[138.729,-145.025]]}],"t":14},{"o":{"x":0.167,"y":0.167},"i":{"x":0.833,"y":0.833},"s":[{"c":true,"i":[[75.357,8.865],[-128.717,-55.62699999999998],[-72.976,-286.368],[136.315,-231.668]],"o":[[-72.97,8.585],[-128.717,-218.755],[75.357,-295.712],[136.315,-58.911]],"v":[[0,8.723],[-128.717,-137.188],[0,-290.965],[136.315,-145.286]]}],"t":15},{"o":{"x":0.167,"y":0.167},"i":{"x":0.833,"y":0.833},"s":[{"c":true,"i":[[73.865,8.874],[-125.835,-55.53500000000001],[-71.394,-286.097],[133.721,-232.078]],"o":[[-71.388,8.577],[-125.835,-218.392],[73.865,-296.001],[133.721,-59.015]],"v":[[0,8.723],[-125.835,-136.96],[0,-290.965],[133.721,-145.543]]}],"t":16},{"o":{"x":0.167,"y":0.167},"i":{"x":0.833,"y":0.833},"s":[{"c":true,"i":[[72.278,8.882000000000001],[-122.815,-55.44399999999999],[-69.729,-285.83299999999997],[130.95,-232.48]],"o":[[-69.723,8.569],[-122.815,-218.036],[72.278,-296.28499999999997],[130.95,-59.11699999999999]],"v":[[0,8.723],[-122.815,-136.737],[0,-290.965],[130.95,-145.795]]}],"t":17},{"o":{"x":0.167,"y":0.167},"i":{"x":0.833,"y":0.833},"s":[{"c":true,"i":[[70.599,8.891],[-119.659,-55.35600000000001],[-67.984,-285.57599999999996],[128.005,-232.875]],"o":[[-67.978,8.562000000000001],[-119.659,-217.69],[70.599,-296.56199999999995],[128.005,-59.218]],"v":[[0,8.723],[-119.659,-136.52],[0,-290.965],[128.005,-146.043]]}],"t":18},{"o":{"x":0.167,"y":0.167},"i":{"x":0.833,"y":0.833},"s":[{"c":true,"i":[[68.829,8.899000000000001],[-116.372,-55.271],[-66.16,-285.325],[124.888,-233.261]],"o":[[-66.155,8.554],[-116.372,-217.35399999999998],[68.829,-296.83299999999997],[124.888,-59.316]],"v":[[0,8.723],[-116.372,-136.309],[0,-290.965],[124.888,-146.285]]}],"t":19},{"o":{"x":0.167,"y":0.167},"i":{"x":0.833,"y":0.833},"s":[{"c":true,"i":[[66.969,8.907],[-112.958,-55.18799999999999],[-64.261,-285.08099999999996],[121.603,-233.637]],"o":[[-64.256,8.547],[-112.958,-217.028],[66.969,-297.097],[121.603,-59.41199999999999]],"v":[[0,8.723],[-112.958,-136.105],[0,-290.965],[121.603,-146.521]]}],"t":20},{"o":{"x":0.167,"y":0.167},"i":{"x":0.833,"y":0.833},"s":[{"c":true,"i":[[65.024,8.914000000000001],[-109.422,-55.108000000000004],[-62.288,-284.84499999999997],[118.153,-234.00400000000002]],"o":[[-62.284,8.540000000000001],[-109.422,-216.71300000000002],[65.024,-297.35299999999995],[118.153,-59.50500000000001]],"v":[[0,8.723],[-109.422,-135.907],[0,-290.965],[118.153,-146.751]]}],"t":21},{"o":{"x":0.167,"y":0.167},"i":{"x":0.833,"y":0.833},"s":[{"c":true,"i":[[62.994,8.922],[-105.768,-55.03],[-60.245,-284.61699999999996],[114.542,-234.361]],"o":[[-60.24,8.533000000000001],[-105.768,-216.40699999999998],[62.994,-297.60299999999995],[114.542,-59.59599999999999]],"v":[[0,8.723],[-105.768,-135.715],[0,-290.965],[114.542,-146.975]]}],"t":22},{"o":{"x":0.167,"y":0.167},"i":{"x":0.833,"y":0.833},"s":[{"c":true,"i":[[60.881,8.929],[-102,-54.95500000000001],[-58.133,-284.397],[110.775,-234.707]],"o":[[-58.128,8.526000000000002],[-102,-216.113],[60.881,-297.844],[110.775,-59.68400000000001]],"v":[[0,8.723],[-102,-135.531],[0,-290.965],[110.775,-147.192]]}],"t":23},{"o":{"x":0.167,"y":0.167},"i":{"x":0.833,"y":0.833},"s":[{"c":true,"i":[[58.69,8.936],[-98.123,-54.884000000000015],[-55.955,-284.18399999999997],[106.857,-235.041]],"o":[[-55.95,8.520000000000001],[-98.123,-215.83100000000002],[58.69,-298.077],[106.857,-59.768000000000015]],"v":[[0,8.723],[-98.123,-135.354],[0,-290.965],[106.857,-147.401]]}],"t":24},{"o":{"x":0.167,"y":0.167},"i":{"x":0.833,"y":0.833},"s":[{"c":true,"i":[[56.422,8.943000000000001],[-94.141,-54.81399999999999],[-53.713,-283.97999999999996],[102.791,-235.36400000000003]],"o":[[-53.709,8.514000000000001],[-94.141,-215.559],[56.422,-298.30199999999996],[102.791,-59.85100000000001]],"v":[[0,8.723],[-94.141,-135.183],[0,-290.965],[102.791,-147.604]]}],"t":25},{"o":{"x":0.167,"y":0.167},"i":{"x":0.833,"y":0.833},"s":[{"c":true,"i":[[54.08,8.949000000000002],[-90.06,-54.748000000000005],[-51.411,-283.78499999999997],[98.583,-235.675]],"o":[[-51.407,8.508000000000001],[-90.06,-215.299],[54.08,-298.518],[98.583,-59.93000000000001]],"v":[[0,8.723],[-90.06,-135.02],[0,-290.965],[98.583,-147.799]]}],"t":26},{"o":{"x":0.167,"y":0.167},"i":{"x":0.833,"y":0.833},"s":[{"c":true,"i":[[51.667,8.956000000000001],[-85.883,-54.685],[-49.051,-283.59799999999996],[94.238,-235.972]],"o":[[-49.047,8.502],[-85.883,-215.05100000000002],[51.667,-298.724],[94.238,-60.00500000000001]],"v":[[0,8.723],[-85.883,-134.865],[0,-290.965],[94.238,-147.985]]}],"t":27},{"o":{"x":0.167,"y":0.167},"i":{"x":0.833,"y":0.833},"s":[{"c":true,"i":[[49.186,8.961],[-81.616,-54.625000000000014],[-46.636,-283.421],[89.762,-236.257]],"o":[[-46.632,8.497],[-81.616,-214.815],[49.186,-298.92199999999997],[89.762,-60.07799999999999]],"v":[[0,8.723],[-81.616,-134.717],[0,-290.965],[89.762,-148.164]]}],"t":28},{"o":{"x":0.167,"y":0.167},"i":{"x":0.833,"y":0.833},"s":[{"c":true,"i":[[46.641,8.967],[-77.263,-54.568],[-44.168,-283.25199999999995],[85.16,-236.527]],"o":[[-44.165,8.492],[-77.263,-214.59199999999998],[46.641,-299.109],[85.16,-60.146]],"v":[[0,8.723],[-77.263,-134.577],[0,-290.965],[85.16,-148.333]]}],"t":29},{"o":{"x":0.167,"y":0.167},"i":{"x":0.833,"y":0.833},"s":[{"c":true,"i":[[44.033,8.972000000000001],[-72.829,-54.514999999999986],[-41.651,-283.09299999999996],[80.439,-236.78300000000002]],"o":[[-41.648,8.487],[-72.829,-214.382],[44.033,-299.287],[80.439,-60.212]],"v":[[0,8.723],[-72.829,-134.445],[0,-290.965],[80.439,-148.494]]}],"t":30},{"o":{"x":0.167,"y":0.167},"i":{"x":0.833,"y":0.833},"s":[{"c":true,"i":[[41.368,8.977],[-68.319,-54.465],[-39.087,-282.94399999999996],[75.605,-237.02599999999998]],"o":[[-39.084,8.483],[-68.319,-214.184],[41.368,-299.45399999999995],[75.605,-60.27399999999999]],"v":[[0,8.723],[-68.319,-134.321],[0,-290.965],[75.605,-148.646]]}],"t":31},{"o":{"x":0.167,"y":0.167},"i":{"x":0.833,"y":0.833},"s":[{"c":true,"i":[[38.648,8.982000000000001],[-63.738,-54.418000000000006],[-36.48,-282.804],[70.664,-237.252]],"o":[[-36.477,8.478000000000002],[-63.738,-213.99900000000002],[38.648,-299.611],[70.664,-60.33100000000002]],"v":[[0,8.723],[-63.738,-134.205],[0,-290.965],[70.664,-148.788]]}],"t":32},{"o":{"x":0.167,"y":0.167},"i":{"x":0.833,"y":0.833},"s":[{"c":true,"i":[[35.876,8.986],[-59.091,-54.37400000000001],[-33.832,-282.674],[65.623,-237.464]],"o":[[-33.829,8.475000000000001],[-59.091,-213.827],[35.876,-299.75699999999995],[65.623,-60.38499999999999]],"v":[[0,8.723],[-59.091,-134.097],[0,-290.965],[65.623,-148.921]]}],"t":33},{"o":{"x":0.167,"y":0.167},"i":{"x":0.833,"y":0.833},"s":[{"c":true,"i":[[33.057,8.991000000000001],[-54.383,-54.33300000000001],[-31.146,-282.554],[60.489,-237.66000000000003]],"o":[[-31.144,8.471],[-54.383,-213.66700000000003],[33.057,-299.893],[60.489,-60.43500000000002]],"v":[[0,8.723],[-54.383,-133.997],[0,-290.965],[60.489,-149.044]]}],"t":34},{"o":{"x":0.167,"y":0.167},"i":{"x":0.833,"y":0.833},"s":[{"c":true,"i":[[30.194,8.994000000000002],[-49.618,-54.29600000000001],[-28.426,-282.443],[55.269,-237.841]],"o":[[-28.423,8.468],[-49.618,-213.522],[30.194,-300.017],[55.269,-60.48100000000001]],"v":[[0,8.723],[-49.618,-133.906],[0,-290.965],[55.269,-149.157]]}],"t":35},{"o":{"x":0.167,"y":0.167},"i":{"x":0.833,"y":0.833},"s":[{"c":true,"i":[[27.291,8.998000000000001],[-44.803,-54.263000000000005],[-25.674,-282.34299999999996],[49.971,-238.005]],"o":[[-25.672,8.465],[-44.803,-213.39100000000002],[27.291,-300.13],[49.971,-60.522999999999996]],"v":[[0,8.723],[-44.803,-133.824],[0,-290.965],[49.971,-149.26]]}],"t":36},{"o":{"x":0.167,"y":0.167},"i":{"x":0.833,"y":0.833},"s":[{"c":true,"i":[[24.351,9.001000000000001],[-39.941,-54.23299999999999],[-22.893,-282.25399999999996],[44.6,-238.152]],"o":[[-22.891,8.462000000000002],[-39.941,-213.272],[24.351,-300.231],[44.6,-60.56]],"v":[[0,8.723],[-39.941,-133.749],[0,-290.965],[44.6,-149.352]]}],"t":37},{"o":{"x":0.167,"y":0.167},"i":{"x":0.833,"y":0.833},"s":[{"c":true,"i":[[21.379,9.003],[-35.038,-54.206999999999994],[-20.087,-282.174],[39.166,-238.28199999999998]],"o":[[-20.086,8.46],[-35.038,-213.168],[21.379,-300.32099999999997],[39.166,-60.593]],"v":[[0,8.723],[-35.038,-133.684],[0,-290.965],[39.166,-149.434]]}],"t":38},{"o":{"x":0.167,"y":0.167},"i":{"x":0.833,"y":0.833},"s":[{"c":true,"i":[[18.378,9.006],[-30.1,-54.18300000000001],[-17.259,-282.10499999999996],[33.676,-238.397]],"o":[[-17.258,8.458],[-30.1,-213.077],[18.378,-300.399],[33.676,-60.623000000000005]],"v":[[0,8.723],[-30.1,-133.627],[0,-290.965],[33.676,-149.506]]}],"t":39},{"o":{"x":0.167,"y":0.167},"i":{"x":0.833,"y":0.833},"s":[{"c":true,"i":[[15.353,9.008000000000001],[-25.13,-54.163],[-14.412,-282.04699999999997],[28.138,-238.493]],"o":[[-14.411,8.456000000000001],[-25.13,-212.99900000000002],[15.353,-300.46599999999995],[28.138,-60.647000000000006]],"v":[[0,8.723],[-25.13,-133.578],[0,-290.965],[28.138,-149.566]]}],"t":40},{"o":{"x":0.167,"y":0.167},"i":{"x":0.833,"y":0.833},"s":[{"c":true,"i":[[12.307,9.009],[-20.135,-54.14799999999998],[-11.549,-281.99899999999997],[22.559,-238.572]],"o":[[-11.548,8.454],[-20.135,-212.93699999999998],[12.307,-300.52],[22.559,-60.667000000000016]],"v":[[0,8.723],[-20.135,-133.539],[0,-290.965],[22.559,-149.616]]}],"t":41},{"o":{"x":0.167,"y":0.167},"i":{"x":0.833,"y":0.833},"s":[{"c":true,"i":[[9.245,9.011000000000001],[-15.119,-54.135000000000005],[-8.673,-281.962],[16.948,-238.63299999999998]],"o":[[-8.672,8.453000000000001],[-15.119,-212.887],[9.245,-300.56199999999995],[16.948,-60.682]],"v":[[0,8.723],[-15.119,-133.508],[0,-290.965],[16.948,-149.654]]}],"t":42},{"o":{"x":0.167,"y":0.167},"i":{"x":0.833,"y":0.833},"s":[{"c":true,"i":[[6.17,9.011000000000001],[-10.088,-54.12599999999999],[-5.787,-281.935],[11.312,-238.678]],"o":[[-5.787,8.452],[-10.088,-212.85199999999998],[6.17,-300.59299999999996],[11.312,-60.69399999999999]],"v":[[0,8.723],[-10.088,-133.486],[0,-290.965],[11.312,-149.682]]}],"t":43},{"o":{"x":0.167,"y":0.167},"i":{"x":0.833,"y":0.833},"s":[{"c":true,"i":[[3.087,9.012],[-5.047,-54.12100000000001],[-2.895,-281.919],[5.66,-238.705]],"o":[[-2.895,8.452],[-5.047,-212.83100000000002],[3.087,-300.611],[5.66,-60.70100000000001]],"v":[[0,8.723],[-5.047,-133.473],[0,-290.965],[5.66,-149.699]]}],"t":44},{"o":{"x":0.167,"y":0.167},"i":{"x":0.833,"y":0.833},"s":[{"c":true,"i":[[0,9.012],[0,-54.118999999999986],[0,-281.914],[0,-238.71300000000002]],"o":[[0,8.452],[0,-212.82399999999998],[0,-300.61699999999996],[0,-60.70200000000001]],"v":[[0,8.723],[0,-133.468],[0,-290.965],[0,-149.704]]}],"t":45},{"o":{"x":0.167,"y":0.167},"i":{"x":0.833,"y":0.833},"s":[{"c":true,"i":[[-3.087,9.012],[5.047,-54.12100000000001],[2.895,-281.919],[-5.66,-238.705]],"o":[[2.895,8.452],[5.047,-212.83100000000002],[-3.087,-300.611],[-5.66,-60.70100000000001]],"v":[[0,8.723],[5.047,-133.473],[0,-290.965],[-5.66,-149.699]]}],"t":46},{"o":{"x":0.167,"y":0.167},"i":{"x":0.833,"y":0.833},"s":[{"c":true,"i":[[-6.17,9.011000000000001],[10.088,-54.12599999999999],[5.787,-281.935],[-11.312,-238.678]],"o":[[5.787,8.452],[10.088,-212.85199999999998],[-6.17,-300.59299999999996],[-11.312,-60.69399999999999]],"v":[[0,8.723],[10.088,-133.486],[0,-290.965],[-11.312,-149.682]]}],"t":47},{"o":{"x":0.167,"y":0.167},"i":{"x":0.833,"y":0.833},"s":[{"c":true,"i":[[-9.245,9.011000000000001],[15.119,-54.135000000000005],[8.673,-281.962],[-16.948,-238.63299999999998]],"o":[[8.672,8.453000000000001],[15.119,-212.887],[-9.245,-300.56199999999995],[-16.948,-60.682]],"v":[[0,8.723],[15.119,-133.508],[0,-290.965],[-16.948,-149.654]]}],"t":48},{"o":{"x":0.167,"y":0.167},"i":{"x":0.833,"y":0.833},"s":[{"c":true,"i":[[-12.307,9.009],[20.135,-54.14799999999998],[11.549,-281.99899999999997],[-22.559,-238.572]],"o":[[11.548,8.454],[20.135,-212.93699999999998],[-12.307,-300.52],[-22.559,-60.667000000000016]],"v":[[0,8.723],[20.135,-133.539],[0,-290.965],[-22.559,-149.616]]}],"t":49},{"o":{"x":0.167,"y":0.167},"i":{"x":0.833,"y":0.833},"s":[{"c":true,"i":[[-15.353,9.008000000000001],[25.13,-54.163],[14.412,-282.04699999999997],[-28.138,-238.493]],"o":[[14.411,8.456000000000001],[25.13,-212.99900000000002],[-15.353,-300.46599999999995],[-28.138,-60.647000000000006]],"v":[[0,8.723],[25.13,-133.578],[0,-290.965],[-28.138,-149.566]]}],"t":50},{"o":{"x":0.167,"y":0.167},"i":{"x":0.833,"y":0.833},"s":[{"c":true,"i":[[-18.378,9.006],[30.1,-54.18300000000001],[17.259,-282.10499999999996],[-33.676,-238.397]],"o":[[17.258,8.458],[30.1,-213.077],[-18.378,-300.399],[-33.676,-60.623000000000005]],"v":[[0,8.723],[30.1,-133.627],[0,-290.965],[-33.676,-149.506]]}],"t":51},{"o":{"x":0.167,"y":0.167},"i":{"x":0.833,"y":0.833},"s":[{"c":true,"i":[[-21.379,9.003],[35.038,-54.206999999999994],[20.087,-282.174],[-39.166,-238.28199999999998]],"o":[[20.086,8.46],[35.038,-213.168],[-21.379,-300.32099999999997],[-39.166,-60.593]],"v":[[0,8.723],[35.038,-133.684],[0,-290.965],[-39.166,-149.434]]}],"t":52},{"o":{"x":0.167,"y":0.167},"i":{"x":0.833,"y":0.833},"s":[{"c":true,"i":[[-24.351,9.001000000000001],[39.941,-54.23299999999999],[22.893,-282.25399999999996],[-44.6,-238.152]],"o":[[22.891,8.462000000000002],[39.941,-213.272],[-24.351,-300.231],[-44.6,-60.56]],"v":[[0,8.723],[39.941,-133.749],[0,-290.965],[-44.6,-149.352]]}],"t":53},{"o":{"x":0.167,"y":0.167},"i":{"x":0.833,"y":0.833},"s":[{"c":true,"i":[[-27.291,8.998000000000001],[44.803,-54.263000000000005],[25.674,-282.34299999999996],[-49.971,-238.005]],"o":[[25.672,8.465],[44.803,-213.39100000000002],[-27.291,-300.13],[-49.971,-60.522999999999996]],"v":[[0,8.723],[44.803,-133.824],[0,-290.965],[-49.971,-149.26]]}],"t":54},{"o":{"x":0.167,"y":0.167},"i":{"x":0.833,"y":0.833},"s":[{"c":true,"i":[[-30.194,8.994000000000002],[49.618,-54.29600000000001],[28.426,-282.443],[-55.269,-237.841]],"o":[[28.423,8.468],[49.618,-213.522],[-30.194,-300.017],[-55.269,-60.48100000000001]],"v":[[0,8.723],[49.618,-133.906],[0,-290.965],[-55.269,-149.157]]}],"t":55},{"o":{"x":0.167,"y":0.167},"i":{"x":0.833,"y":0.833},"s":[{"c":true,"i":[[-33.057,8.991000000000001],[54.383,-54.33300000000001],[31.146,-282.554],[-60.489,-237.66000000000003]],"o":[[31.144,8.471],[54.383,-213.66700000000003],[-33.057,-299.893],[-60.489,-60.43500000000002]],"v":[[0,8.723],[54.383,-133.997],[0,-290.965],[-60.489,-149.044]]}],"t":56},{"o":{"x":0.167,"y":0.167},"i":{"x":0.833,"y":0.833},"s":[{"c":true,"i":[[-35.876,8.986],[59.091,-54.37400000000001],[33.832,-282.674],[-65.623,-237.464]],"o":[[33.829,8.475000000000001],[59.091,-213.827],[-35.876,-299.75699999999995],[-65.623,-60.38499999999999]],"v":[[0,8.723],[59.091,-134.097],[0,-290.965],[-65.623,-148.921]]}],"t":57},{"o":{"x":0.167,"y":0.167},"i":{"x":0.833,"y":0.833},"s":[{"c":true,"i":[[-38.648,8.982000000000001],[63.738,-54.418000000000006],[36.48,-282.804],[-70.664,-237.252]],"o":[[36.477,8.478000000000002],[63.738,-213.99900000000002],[-38.648,-299.611],[-70.664,-60.33100000000002]],"v":[[0,8.723],[63.738,-134.205],[0,-290.965],[-70.664,-148.788]]}],"t":58},{"o":{"x":0.167,"y":0.167},"i":{"x":0.833,"y":0.833},"s":[{"c":true,"i":[[-41.368,8.977],[68.319,-54.465],[39.087,-282.94399999999996],[-75.605,-237.02599999999998]],"o":[[39.084,8.483],[68.319,-214.184],[-41.368,-299.45399999999995],[-75.605,-60.27399999999999]],"v":[[0,8.723],[68.319,-134.321],[0,-290.965],[-75.605,-148.646]]}],"t":59},{"o":{"x":0.167,"y":0.167},"i":{"x":0.833,"y":0.833},"s":[{"c":true,"i":[[-44.033,8.972000000000001],[72.829,-54.514999999999986],[41.651,-283.09299999999996],[-80.439,-236.78300000000002]],"o":[[41.648,8.487],[72.829,-214.382],[-44.033,-299.287],[-80.439,-60.212]],"v":[[0,8.723],[72.829,-134.445],[0,-290.965],[-80.439,-148.494]]}],"t":60},{"o":{"x":0.167,"y":0.167},"i":{"x":0.833,"y":0.833},"s":[{"c":true,"i":[[-46.641,8.967],[77.263,-54.568],[44.168,-283.25199999999995],[-85.16,-236.527]],"o":[[44.165,8.492],[77.263,-214.59199999999998],[-46.641,-299.109],[-85.16,-60.146]],"v":[[0,8.723],[77.263,-134.577],[0,-290.965],[-85.16,-148.333]]}],"t":61},{"o":{"x":0.167,"y":0.167},"i":{"x":0.833,"y":0.833},"s":[{"c":true,"i":[[-49.186,8.961],[81.616,-54.625000000000014],[46.636,-283.421],[-89.762,-236.257]],"o":[[46.632,8.497],[81.616,-214.815],[-49.186,-298.92199999999997],[-89.762,-60.07799999999999]],"v":[[0,8.723],[81.616,-134.717],[0,-290.965],[-89.762,-148.164]]}],"t":62},{"o":{"x":0.167,"y":0.167},"i":{"x":0.833,"y":0.833},"s":[{"c":true,"i":[[-51.667,8.956000000000001],[85.883,-54.685],[49.051,-283.59799999999996],[-94.238,-235.972]],"o":[[49.047,8.502],[85.883,-215.05100000000002],[-51.667,-298.724],[-94.238,-60.00500000000001]],"v":[[0,8.723],[85.883,-134.865],[0,-290.965],[-94.238,-147.985]]}],"t":63},{"o":{"x":0.167,"y":0.167},"i":{"x":0.833,"y":0.833},"s":[{"c":true,"i":[[-54.08,8.949000000000002],[90.06,-54.748000000000005],[51.411,-283.78499999999997],[-98.583,-235.675]],"o":[[51.407,8.508000000000001],[90.06,-215.299],[-54.08,-298.518],[-98.583,-59.93000000000001]],"v":[[0,8.723],[90.06,-135.02],[0,-290.965],[-98.583,-147.799]]}],"t":64},{"o":{"x":0.167,"y":0.167},"i":{"x":0.833,"y":0.833},"s":[{"c":true,"i":[[-56.422,8.943000000000001],[94.141,-54.81399999999999],[53.713,-283.97999999999996],[-102.791,-235.36400000000003]],"o":[[53.709,8.514000000000001],[94.141,-215.559],[-56.422,-298.30199999999996],[-102.791,-59.85100000000001]],"v":[[0,8.723],[94.141,-135.183],[0,-290.965],[-102.791,-147.604]]}],"t":65},{"o":{"x":0.167,"y":0.167},"i":{"x":0.833,"y":0.833},"s":[{"c":true,"i":[[-58.69,8.936],[98.123,-54.884000000000015],[55.955,-284.18399999999997],[-106.857,-235.041]],"o":[[55.95,8.520000000000001],[98.123,-215.83100000000002],[-58.69,-298.077],[-106.857,-59.768000000000015]],"v":[[0,8.723],[98.123,-135.354],[0,-290.965],[-106.857,-147.401]]}],"t":66},{"o":{"x":0.167,"y":0.167},"i":{"x":0.833,"y":0.833},"s":[{"c":true,"i":[[-60.881,8.929],[102,-54.95500000000001],[58.133,-284.397],[-110.775,-234.707]],"o":[[58.128,8.526000000000002],[102,-216.113],[-60.881,-297.844],[-110.775,-59.68400000000001]],"v":[[0,8.723],[102,-135.531],[0,-290.965],[-110.775,-147.192]]}],"t":67},{"o":{"x":0.167,"y":0.167},"i":{"x":0.833,"y":0.833},"s":[{"c":true,"i":[[-62.994,8.922],[105.768,-55.03],[60.245,-284.61699999999996],[-114.542,-234.361]],"o":[[60.24,8.533000000000001],[105.768,-216.40699999999998],[-62.994,-297.60299999999995],[-114.542,-59.59599999999999]],"v":[[0,8.723],[105.768,-135.715],[0,-290.965],[-114.542,-146.975]]}],"t":68},{"o":{"x":0.167,"y":0.167},"i":{"x":0.833,"y":0.833},"s":[{"c":true,"i":[[-65.024,8.914000000000001],[109.422,-55.108000000000004],[62.288,-284.84499999999997],[-118.153,-234.00400000000002]],"o":[[62.284,8.540000000000001],[109.422,-216.71300000000002],[-65.024,-297.35299999999995],[-118.153,-59.50500000000001]],"v":[[0,8.723],[109.422,-135.907],[0,-290.965],[-118.153,-146.751]]}],"t":69},{"o":{"x":0.167,"y":0.167},"i":{"x":0.833,"y":0.833},"s":[{"c":true,"i":[[-66.969,8.907],[112.958,-55.18799999999999],[64.261,-285.08099999999996],[-121.603,-233.637]],"o":[[64.256,8.547],[112.958,-217.028],[-66.969,-297.097],[-121.603,-59.41199999999999]],"v":[[0,8.723],[112.958,-136.105],[0,-290.965],[-121.603,-146.521]]}],"t":70},{"o":{"x":0.167,"y":0.167},"i":{"x":0.833,"y":0.833},"s":[{"c":true,"i":[[-68.829,8.899000000000001],[116.372,-55.271],[66.16,-285.325],[-124.888,-233.261]],"o":[[66.155,8.554],[116.372,-217.35399999999998],[-68.829,-296.83299999999997],[-124.888,-59.316]],"v":[[0,8.723],[116.372,-136.309],[0,-290.965],[-124.888,-146.285]]}],"t":71},{"o":{"x":0.167,"y":0.167},"i":{"x":0.833,"y":0.833},"s":[{"c":true,"i":[[-70.599,8.891],[119.659,-55.35600000000001],[67.984,-285.57599999999996],[-128.005,-232.875]],"o":[[67.978,8.562000000000001],[119.659,-217.69],[-70.599,-296.56199999999995],[-128.005,-59.218]],"v":[[0,8.723],[119.659,-136.52],[0,-290.965],[-128.005,-146.043]]}],"t":72},{"o":{"x":0.167,"y":0.167},"i":{"x":0.833,"y":0.833},"s":[{"c":true,"i":[[-72.278,8.882000000000001],[122.815,-55.44399999999999],[69.729,-285.83299999999997],[-130.95,-232.48]],"o":[[69.723,8.569],[122.815,-218.036],[-72.278,-296.28499999999997],[-130.95,-59.11699999999999]],"v":[[0,8.723],[122.815,-136.737],[0,-290.965],[-130.95,-145.795]]}],"t":73},{"o":{"x":0.167,"y":0.167},"i":{"x":0.833,"y":0.833},"s":[{"c":true,"i":[[-73.865,8.874],[125.835,-55.53500000000001],[71.394,-286.097],[-133.721,-232.078]],"o":[[71.388,8.577],[125.835,-218.392],[-73.865,-296.001],[-133.721,-59.015]],"v":[[0,8.723],[125.835,-136.96],[0,-290.965],[-133.721,-145.543]]}],"t":74},{"o":{"x":0.167,"y":0.167},"i":{"x":0.833,"y":0.833},"s":[{"c":true,"i":[[-75.357,8.865],[128.717,-55.62699999999998],[72.976,-286.368],[-136.315,-231.668]],"o":[[72.97,8.585],[128.717,-218.755],[-75.357,-295.712],[-136.315,-58.911]],"v":[[0,8.723],[128.717,-137.188],[0,-290.965],[-136.315,-145.286]]}],"t":75},{"o":{"x":0.167,"y":0.167},"i":{"x":0.833,"y":0.833},"s":[{"c":true,"i":[[-76.753,8.856000000000002],[131.456,-55.721999999999994],[74.474,-286.64399999999995],[-138.729,-231.252]],"o":[[74.468,8.594000000000001],[131.456,-219.128],[-76.753,-295.41799999999995],[-138.729,-58.80500000000001]],"v":[[0,8.723],[131.456,-137.422],[0,-290.965],[-138.729,-145.025]]}],"t":76},{"o":{"x":0.167,"y":0.167},"i":{"x":0.833,"y":0.833},"s":[{"c":true,"i":[[-78.052,8.847000000000001],[134.048,-55.819],[75.885,-286.92699999999996],[-140.96,-230.82799999999997]],"o":[[75.879,8.602],[134.048,-219.51],[-78.052,-295.11899999999997],[-140.96,-58.69699999999999]],"v":[[0,8.723],[134.048,-137.661],[0,-290.965],[-140.96,-144.759]]}],"t":77},{"o":{"x":0.167,"y":0.167},"i":{"x":0.833,"y":0.833},"s":[{"c":true,"i":[[-79.251,8.838000000000001],[136.49,-55.918000000000006],[77.208,-287.214],[-143.007,-230.399]],"o":[[77.202,8.611],[136.49,-219.899],[-79.251,-294.815],[-143.007,-58.58800000000001]],"v":[[0,8.723],[136.49,-137.905],[0,-290.965],[-143.007,-144.49]]}],"t":78},{"o":{"x":0.167,"y":0.167},"i":{"x":0.833,"y":0.833},"s":[{"c":true,"i":[[-80.35,8.829],[138.777,-56.01899999999999],[78.44,-287.50699999999995],[-144.869,-229.96499999999997]],"o":[[78.434,8.619000000000002],[138.777,-220.29500000000002],[-80.35,-294.50699999999995],[-144.869,-58.477999999999994]],"v":[[0,8.723],[138.777,-138.154],[0,-290.965],[-144.869,-144.218]]}],"t":79},{"o":{"x":0.167,"y":0.167},"i":{"x":0.833,"y":0.833},"s":[{"c":true,"i":[[-81.348,8.82],[140.907,-56.122000000000014],[79.581,-287.80499999999995],[-146.544,-229.528]],"o":[[79.575,8.628],[140.907,-220.699],[-81.348,-294.19599999999997],[-146.544,-58.36699999999999]],"v":[[0,8.723],[140.907,-138.407],[0,-290.965],[-146.544,-143.944]]}],"t":80},{"o":{"x":0.167,"y":0.167},"i":{"x":0.833,"y":0.833},"s":[{"c":true,"i":[[-82.244,8.81],[142.876,-56.225999999999985],[80.628,-288.10699999999997],[-148.03,-229.08499999999998]],"o":[[80.621,8.637],[142.876,-221.10899999999998],[-82.244,-293.881],[-148.03,-58.25399999999999]],"v":[[0,8.723],[142.876,-138.664],[0,-290.965],[-148.03,-143.666]]}],"t":81},{"o":{"x":0.167,"y":0.167},"i":{"x":0.833,"y":0.833},"s":[{"c":true,"i":[[-83.036,8.801],[144.681,-56.33100000000002],[81.579,-288.41299999999995],[-149.328,-228.64]],"o":[[81.573,8.647],[144.681,-221.525],[-83.036,-293.563],[-149.328,-58.141000000000005]],"v":[[0,8.723],[144.681,-138.925],[0,-290.965],[-149.328,-143.387]]}],"t":82},{"o":{"x":0.167,"y":0.167},"i":{"x":0.833,"y":0.833},"s":[{"c":true,"i":[[-83.725,8.791],[146.32,-56.43899999999999],[82.435,-288.722],[-150.436,-228.192]],"o":[[82.428,8.656],[146.32,-221.94799999999998],[-83.725,-293.243],[-150.436,-58.027]],"v":[[0,8.723],[146.32,-139.19],[0,-290.965],[-150.436,-143.106]]}],"t":83},{"o":{"x":0.167,"y":0.167},"i":{"x":0.833,"y":0.833},"s":[{"c":true,"i":[[-84.31,8.782],[147.788,-56.548],[83.192,-289.036],[-151.354,-227.741]],"o":[[83.185,8.665000000000001],[147.788,-222.375],[-84.31,-292.91999999999996],[-151.354,-57.912000000000006]],"v":[[0,8.723],[147.788,-139.458],[0,-290.965],[-151.354,-142.823]]}],"t":84},{"o":{"x":0.167,"y":0.167},"i":{"x":0.833,"y":0.833},"s":[{"c":true,"i":[[-84.79,8.772],[149.084,-56.65799999999999],[83.85,-289.352],[-152.082,-227.289]],"o":[[83.843,8.675],[149.084,-222.80899999999997],[-84.79,-292.59599999999995],[-152.082,-57.79799999999999]],"v":[[0,8.723],[149.084,-139.73],[0,-290.965],[-152.082,-142.54]]}],"t":85},{"o":{"x":0.167,"y":0.167},"i":{"x":0.833,"y":0.833},"s":[{"c":true,"i":[[-85.165,8.762],[150.204,-56.76899999999999],[84.408,-289.671],[-152.621,-226.837]],"o":[[84.401,8.684000000000001],[150.204,-223.245],[-85.165,-292.27099999999996],[-152.621,-57.682]],"v":[[0,8.723],[150.204,-140.004],[0,-290.965],[-152.621,-142.256]]}],"t":86},{"o":{"x":0.167,"y":0.167},"i":{"x":0.833,"y":0.833},"s":[{"c":true,"i":[[-85.436,8.752],[151.147,-56.881],[84.864,-289.99199999999996],[-152.97,-226.38400000000001]],"o":[[84.858,8.694],[151.147,-223.686],[-85.436,-291.945],[-152.97,-57.56700000000001]],"v":[[0,8.723],[151.147,-140.28],[0,-290.965],[-152.97,-141.972]]}],"t":87},{"o":{"x":0.167,"y":0.167},"i":{"x":0.833,"y":0.833},"s":[{"c":true,"i":[[-85.601,8.743],[151.911,-56.994],[85.219,-290.315],[-153.131,-225.93099999999998]],"o":[[85.212,8.704],[151.911,-224.13],[-85.601,-291.618],[-153.131,-57.451999999999984]],"v":[[0,8.723],[151.911,-140.559],[0,-290.965],[-153.131,-141.688]]}],"t":88},{"o":{"x":0.167,"y":0.167},"i":{"x":0.833,"y":0.833},"s":[{"c":true,"i":[[-85.662,8.733],[152.492,-57.108000000000004],[85.47,-290.63899999999995],[-153.104,-225.478]],"o":[[85.463,8.713000000000001],[152.492,-224.577],[-85.662,-291.291],[-153.104,-57.337]],"v":[[0,8.723],[152.492,-140.839],[0,-290.965],[-153.104,-141.404]]}],"t":89}],"ix":2},"_render":true},{"ty":"fl","bm":0,"cl":"","ln":"","hd":false,"mn":"ADBE Vector Graphic - Fill","nm":"Fill","c":{"a":0,"k":[0,0,0,1],"ix":4},"r":1,"o":{"a":0,"k":100,"ix":5},"_render":true},{"ty":"st","bm":0,"cl":"","ln":"","hd":false,"mn":"ADBE Vector Graphic - Stroke","nm":"Stroke","lc":1,"lj":1,"ml":4,"o":{"a":0,"k":100,"ix":4},"w":{"a":0,"k":90,"ix":5},"d":[],"c":{"a":0,"k":[0,0,0,1],"ix":3},"_render":true}],"ind":0,"completed":true}],"ddd":0,"h":1080,"w":1080,"meta":{"a":"","k":"","d":"","g":"LottieFiles AE ","tc":"#ffffff"},"v":"4.8.0","fr":30,"op":90,"ip":0,"assets":[],"__complete":true}