{"v":"5.7.4","fr":29.9700012207031,"ip":0,"op":160.000006516934,"w":500,"h":500,"nm":"Circle","ddd":0,"assets":[],"fonts":{"list":[{"fName":"Roboto-Black","fFamily":"Roboto","fStyle":"Black","ascent":75}]},"layers":[{"ddd":0,"ind":1,"ty":4,"nm":"No Data Found Outlines","parent":2,"sr":1,"ks":{"o":{"a":0,"k":100,"ix":11},"r":{"a":0,"k":0.192,"ix":10},"p":{"a":0,"k":[8.057,6.049,0],"ix":2,"l":2},"a":{"a":0,"k":[0,0,0],"ix":1,"l":2},"s":{"a":0,"k":[6.141,6.788,100],"ix":6,"l":2}},"ao":0,"shapes":[{"ty":"gr","it":[{"ind":0,"ty":"sh","ix":1,"ks":{"a":0,"k":{"i":[[0,0],[0,0],[0,0],[0,0],[0,0],[0,0],[0,0],[0,0],[0,0],[0,0]],"o":[[0,0],[0,0],[0,0],[0,0],[0,0],[0,0],[0,0],[0,0],[0,0],[0,0]],"v":[[-87.7,-21.328],[-92.827,-21.328],[-92.827,-8.057],[-100.371,-21.328],[-105.512,-21.328],[-105.512,0],[-100.371,0],[-100.371,-13.271],[-92.812,0],[-87.7,0]],"c":true},"ix":2},"nm":"N","mn":"ADBE Vector Shape - Group","hd":false},{"ty":"st","c":{"a":0,"k":[0,0,0,1],"ix":3},"o":{"a":0,"k":100,"ix":4},"w":{"a":0,"k":2,"ix":5},"lc":1,"lj":1,"ml":4,"bm":0,"nm":"Stroke 1","mn":"ADBE Vector Graphic - Stroke","hd":true},{"ty":"fl","c":{"a":0,"k":[1,1,1,1],"ix":4},"o":{"a":0,"k":100,"ix":5},"r":1,"bm":0,"nm":"Fill 1","mn":"ADBE Vector Graphic - Fill","hd":false},{"ty":"tr","p":{"a":0,"k":[0,0],"ix":2},"a":{"a":0,"k":[0,0],"ix":1},"s":{"a":0,"k":[100,100],"ix":3},"r":{"a":0,"k":0,"ix":6},"o":{"a":0,"k":100,"ix":7},"sk":{"a":0,"k":0,"ix":4},"sa":{"a":0,"k":0,"ix":5},"nm":"Transform"}],"nm":"N","np":3,"cix":2,"bm":0,"ix":1,"mn":"ADBE Vector Group","hd":false},{"ty":"gr","it":[{"ind":0,"ty":"sh","ix":1,"ks":{"a":0,"k":{"i":[[0,0],[-1.367,-1.352],[-2.256,0],[-1.372,1.45],[0,2.471],[0,0],[1.367,1.47],[2.373,0],[1.152,-0.664],[0.615,-1.235],[0,-1.582]],"o":[[0.107,2.314],[1.367,1.353],[2.344,0],[1.372,-1.45],[0,0],[0,-2.529],[-1.367,-1.47],[-1.553,0],[-1.152,0.664],[-0.615,1.236],[0,0]],"v":[[-83.933,-7.236],[-81.721,-1.736],[-76.286,0.293],[-70.712,-1.882],[-68.654,-7.764],[-68.654,-7.939],[-70.705,-13.938],[-76.315,-16.143],[-80.373,-15.146],[-83.024,-12.297],[-83.947,-8.071]],"c":true},"ix":2},"nm":"o","mn":"ADBE Vector Shape - Group","hd":false},{"ind":1,"ty":"sh","ix":2,"ks":{"a":0,"k":{"i":[[0,0],[-1.65,0],[0,-2.842],[0,0],[1.758,0],[0.459,0.684],[0,1.465]],"o":[[0.137,-2.451],[1.816,0],[0,0],[-0.039,2.705],[-0.899,0],[-0.459,-0.683],[0,0]],"v":[[-78.996,-8.657],[-76.315,-12.334],[-73.591,-8.071],[-73.591,-7.573],[-76.286,-3.516],[-78.322,-4.541],[-79.011,-7.764]],"c":true},"ix":2},"nm":"o","mn":"ADBE Vector Shape - Group","hd":false},{"ty":"mm","mm":1,"nm":"Merge Paths 1","mn":"ADBE Vector Filter - Merge","hd":false},{"ty":"st","c":{"a":0,"k":[0,0,0,1],"ix":3},"o":{"a":0,"k":100,"ix":4},"w":{"a":0,"k":2,"ix":5},"lc":1,"lj":1,"ml":4,"bm":0,"nm":"Stroke 1","mn":"ADBE Vector Graphic - Stroke","hd":true},{"ty":"fl","c":{"a":0,"k":[1,1,1,1],"ix":4},"o":{"a":0,"k":100,"ix":5},"r":1,"bm":0,"nm":"Fill 1","mn":"ADBE Vector Graphic - Fill","hd":false},{"ty":"tr","p":{"a":0,"k":[0,0],"ix":2},"a":{"a":0,"k":[0,0],"ix":1},"s":{"a":0,"k":[100,100],"ix":3},"r":{"a":0,"k":0,"ix":6},"o":{"a":0,"k":100,"ix":7},"sk":{"a":0,"k":0,"ix":4},"sa":{"a":0,"k":0,"ix":5},"nm":"Transform"}],"nm":"o","np":5,"cix":2,"bm":0,"ix":2,"mn":"ADBE Vector Group","hd":false},{"ty":"gr","it":[{"ind":0,"ty":"sh","ix":1,"ks":{"a":0,"k":{"i":[[0,0],[-1.499,0.874],[-0.825,1.548],[0,1.953],[0,0],[0.845,1.558],[1.504,0.855],[1.885,0],[0,0],[0,0]],"o":[[1.846,-0.01],[1.499,-0.874],[0.825,-1.548],[0,0],[-0.01,-1.934],[-0.845,-1.558],[-1.504,-0.854],[0,0],[0,0],[0,0]],"v":[[-49.065,0],[-44.048,-1.326],[-40.561,-4.958],[-39.323,-10.21],[-39.323,-11.191],[-40.605,-16.428],[-44.128,-20.046],[-49.211,-21.328],[-56.081,-21.328],[-56.081,0]],"c":true},"ix":2},"nm":"D","mn":"ADBE Vector Shape - Group","hd":false},{"ind":1,"ty":"sh","ix":2,"ks":{"a":0,"k":{"i":[[0,0],[-0.791,-1.045],[0,-2.06],[0,0],[0.791,-1.05],[1.474,0],[0,0],[0,0]],"o":[[1.514,0],[0.791,1.045],[0,0],[0,2.07],[-0.791,1.05],[0,0],[0,0],[0,0]],"v":[[-49.211,-17.358],[-45.754,-15.791],[-44.568,-11.133],[-44.568,-10.21],[-45.754,-5.53],[-49.153,-3.955],[-50.94,-3.955],[-50.94,-17.358]],"c":true},"ix":2},"nm":"D","mn":"ADBE Vector Shape - Group","hd":false},{"ty":"mm","mm":1,"nm":"Merge Paths 1","mn":"ADBE Vector Filter - Merge","hd":false},{"ty":"st","c":{"a":0,"k":[0,0,0,1],"ix":3},"o":{"a":0,"k":100,"ix":4},"w":{"a":0,"k":2,"ix":5},"lc":1,"lj":1,"ml":4,"bm":0,"nm":"Stroke 1","mn":"ADBE Vector Graphic - Stroke","hd":true},{"ty":"fl","c":{"a":0,"k":[1,1,1,1],"ix":4},"o":{"a":0,"k":100,"ix":5},"r":1,"bm":0,"nm":"Fill 1","mn":"ADBE Vector Graphic - Fill","hd":false},{"ty":"tr","p":{"a":0,"k":[0,0],"ix":2},"a":{"a":0,"k":[0,0],"ix":1},"s":{"a":0,"k":[100,100],"ix":3},"r":{"a":0,"k":0,"ix":6},"o":{"a":0,"k":100,"ix":7},"sk":{"a":0,"k":0,"ix":4},"sa":{"a":0,"k":0,"ix":5},"nm":"Transform"}],"nm":"D","np":5,"cix":2,"bm":0,"ix":3,"mn":"ADBE Vector Group","hd":false},{"ty":"gr","it":[{"ind":0,"ty":"sh","ix":1,"ks":{"a":0,"k":{"i":[[0,0],[0,0],[0.019,1.455],[0,0],[1.172,0.986],[2.021,0],[1.304,-0.956],[0,-1.531],[0,0],[-1.172,0],[0,-1.462],[0,0],[0,0],[1.269,-0.879],[0,-1.719],[-1.045,-0.903],[-1.494,0],[-0.908,1.143],[-0.176,-0.322]],"o":[[0,0],[-0.43,-0.771],[0,0],[-0.029,-1.719],[-1.172,-0.986],[-2.021,0],[-1.304,0.956],[0,0],[0,-1.158],[1.26,0],[0,0],[0,0],[-2.422,0],[-1.27,0.879],[0,1.367],[1.045,0.903],[1.631,0],[0.137,0.625],[0,0]],"v":[[-21.699,0],[-21.699,-0.249],[-22.373,-3.589],[-22.373,-10.605],[-24.175,-14.663],[-28.965,-16.143],[-33.952,-14.709],[-35.908,-10.978],[-30.971,-10.978],[-29.214,-12.715],[-27.324,-10.522],[-27.324,-9.683],[-28.847,-9.683],[-34.385,-8.364],[-36.289,-4.468],[-34.721,-1.062],[-30.913,0.293],[-27.104,-1.421],[-26.636,0]],"c":true},"ix":2},"nm":"a","mn":"ADBE Vector Shape - Group","hd":false},{"ind":1,"ty":"sh","ix":2,"ks":{"a":0,"k":{"i":[[0.303,0.278],[0,0.449],[-1.719,0],[0,0],[0,0],[0.405,-0.264],[0.615,0]],"o":[[-0.303,-0.278],[0,-1.543],[0,0],[0,0],[-0.176,0.332],[-0.405,0.264],[-0.469,0]],"v":[[-30.884,-3.64],[-31.338,-4.731],[-28.76,-7.046],[-27.324,-7.046],[-27.324,-4.512],[-28.196,-3.618],[-29.726,-3.223]],"c":true},"ix":2},"nm":"a","mn":"ADBE Vector Shape - Group","hd":false},{"ty":"mm","mm":1,"nm":"Merge Paths 1","mn":"ADBE Vector Filter - Merge","hd":false},{"ty":"st","c":{"a":0,"k":[0,0,0,1],"ix":3},"o":{"a":0,"k":100,"ix":4},"w":{"a":0,"k":2,"ix":5},"lc":1,"lj":1,"ml":4,"bm":0,"nm":"Stroke 1","mn":"ADBE Vector Graphic - Stroke","hd":true},{"ty":"fl","c":{"a":0,"k":[1,1,1,1],"ix":4},"o":{"a":0,"k":100,"ix":5},"r":1,"bm":0,"nm":"Fill 1","mn":"ADBE Vector Graphic - Fill","hd":false},{"ty":"tr","p":{"a":0,"k":[0,0],"ix":2},"a":{"a":0,"k":[0,0],"ix":1},"s":{"a":0,"k":[100,100],"ix":3},"r":{"a":0,"k":0,"ix":6},"o":{"a":0,"k":100,"ix":7},"sk":{"a":0,"k":0,"ix":4},"sa":{"a":0,"k":0,"ix":5},"nm":"Transform"}],"nm":"a","np":5,"cix":2,"bm":0,"ix":4,"mn":"ADBE Vector Group","hd":false},{"ty":"gr","it":[{"ind":0,"ty":"sh","ix":1,"ks":{"a":0,"k":{"i":[[0,0],[0,0],[0,0],[0,0],[0,0],[0,0],[-0.811,-0.801],[-1.699,0],[-0.889,0.283],[0,0],[0.488,0],[0.215,0.234],[0,0.596],[0,0],[0,0],[0,0],[0,0],[0,0]],"o":[[0,0],[0,0],[0,0],[0,0],[0,0],[0,1.631],[0.81,0.801],[0.967,0],[0,0],[-0.332,0.059],[-0.635,0],[-0.215,-0.234],[0,0],[0,0],[0,0],[0,0],[0,0],[0,0]],"v":[[-17.478,-19.79],[-17.478,-15.85],[-19.499,-15.85],[-19.499,-12.422],[-17.478,-12.422],[-17.478,-4.556],[-16.262,-0.908],[-12.497,0.293],[-9.714,-0.132],[-9.714,-3.662],[-10.945,-3.574],[-12.219,-3.926],[-12.541,-5.171],[-12.541,-12.422],[-9.934,-12.422],[-9.934,-15.85],[-12.541,-15.85],[-12.541,-19.79]],"c":true},"ix":2},"nm":"t","mn":"ADBE Vector Shape - Group","hd":false},{"ty":"st","c":{"a":0,"k":[0,0,0,1],"ix":3},"o":{"a":0,"k":100,"ix":4},"w":{"a":0,"k":2,"ix":5},"lc":1,"lj":1,"ml":4,"bm":0,"nm":"Stroke 1","mn":"ADBE Vector Graphic - Stroke","hd":true},{"ty":"fl","c":{"a":0,"k":[1,1,1,1],"ix":4},"o":{"a":0,"k":100,"ix":5},"r":1,"bm":0,"nm":"Fill 1","mn":"ADBE Vector Graphic - Fill","hd":false},{"ty":"tr","p":{"a":0,"k":[0,0],"ix":2},"a":{"a":0,"k":[0,0],"ix":1},"s":{"a":0,"k":[100,100],"ix":3},"r":{"a":0,"k":0,"ix":6},"o":{"a":0,"k":100,"ix":7},"sk":{"a":0,"k":0,"ix":4},"sa":{"a":0,"k":0,"ix":5},"nm":"Transform"}],"nm":"t","np":3,"cix":2,"bm":0,"ix":5,"mn":"ADBE Vector Group","hd":false},{"ty":"gr","it":[{"ind":0,"ty":"sh","ix":1,"ks":{"a":0,"k":{"i":[[0,0],[0,0],[0.019,1.455],[0,0],[1.172,0.986],[2.021,0],[1.304,-0.956],[0,-1.531],[0,0],[-1.172,0],[0,-1.462],[0,0],[0,0],[1.269,-0.879],[0,-1.719],[-1.045,-0.903],[-1.494,0],[-0.908,1.143],[-0.176,-0.322]],"o":[[0,0],[-0.43,-0.771],[0,0],[-0.029,-1.719],[-1.172,-0.986],[-2.021,0],[-1.304,0.956],[0,0],[0,-1.158],[1.26,0],[0,0],[0,0],[-2.422,0],[-1.27,0.879],[0,1.367],[1.045,0.903],[1.631,0],[0.137,0.625],[0,0]],"v":[[7.222,0],[7.222,-0.249],[6.548,-3.589],[6.548,-10.605],[4.746,-14.663],[-0.044,-16.143],[-5.032,-14.709],[-6.987,-10.978],[-2.051,-10.978],[-0.293,-12.715],[1.597,-10.522],[1.597,-9.683],[0.073,-9.683],[-5.464,-8.364],[-7.368,-4.468],[-5.801,-1.062],[-1.992,0.293],[1.816,-1.421],[2.285,0]],"c":true},"ix":2},"nm":"a","mn":"ADBE Vector Shape - Group","hd":false},{"ind":1,"ty":"sh","ix":2,"ks":{"a":0,"k":{"i":[[0.303,0.278],[0,0.449],[-1.719,0],[0,0],[0,0],[0.405,-0.264],[0.615,0]],"o":[[-0.303,-0.278],[0,-1.543],[0,0],[0,0],[-0.176,0.332],[-0.405,0.264],[-0.469,0]],"v":[[-1.963,-3.64],[-2.417,-4.731],[0.161,-7.046],[1.597,-7.046],[1.597,-4.512],[0.725,-3.618],[-0.806,-3.223]],"c":true},"ix":2},"nm":"a","mn":"ADBE Vector Shape - Group","hd":false},{"ty":"mm","mm":1,"nm":"Merge Paths 1","mn":"ADBE Vector Filter - Merge","hd":false},{"ty":"st","c":{"a":0,"k":[0,0,0,1],"ix":3},"o":{"a":0,"k":100,"ix":4},"w":{"a":0,"k":2,"ix":5},"lc":1,"lj":1,"ml":4,"bm":0,"nm":"Stroke 1","mn":"ADBE Vector Graphic - Stroke","hd":true},{"ty":"fl","c":{"a":0,"k":[1,1,1,1],"ix":4},"o":{"a":0,"k":100,"ix":5},"r":1,"bm":0,"nm":"Fill 1","mn":"ADBE Vector Graphic - Fill","hd":false},{"ty":"tr","p":{"a":0,"k":[0,0],"ix":2},"a":{"a":0,"k":[0,0],"ix":1},"s":{"a":0,"k":[100,100],"ix":3},"r":{"a":0,"k":0,"ix":6},"o":{"a":0,"k":100,"ix":7},"sk":{"a":0,"k":0,"ix":4},"sa":{"a":0,"k":0,"ix":5},"nm":"Transform"}],"nm":"a","np":5,"cix":2,"bm":0,"ix":6,"mn":"ADBE Vector Group","hd":false},{"ty":"gr","it":[{"ind":0,"ty":"sh","ix":1,"ks":{"a":0,"k":{"i":[[0,0],[0,0],[0,0],[0,0],[0,0],[0,0],[0,0],[0,0],[0,0],[0,0]],"o":[[0,0],[0,0],[0,0],[0,0],[0,0],[0,0],[0,0],[0,0],[0,0],[0,0]],"v":[[33.11,-12.451],[24.819,-12.451],[24.819,-17.358],[33.945,-17.358],[33.945,-21.328],[19.678,-21.328],[19.678,0],[24.819,0],[24.819,-8.496],[33.11,-8.496]],"c":true},"ix":2},"nm":"F","mn":"ADBE Vector Shape - Group","hd":false},{"ty":"st","c":{"a":0,"k":[0,0,0,1],"ix":3},"o":{"a":0,"k":100,"ix":4},"w":{"a":0,"k":2,"ix":5},"lc":1,"lj":1,"ml":4,"bm":0,"nm":"Stroke 1","mn":"ADBE Vector Graphic - Stroke","hd":true},{"ty":"fl","c":{"a":0,"k":[1,1,1,1],"ix":4},"o":{"a":0,"k":100,"ix":5},"r":1,"bm":0,"nm":"Fill 1","mn":"ADBE Vector Graphic - Fill","hd":false},{"ty":"tr","p":{"a":0,"k":[0,0],"ix":2},"a":{"a":0,"k":[0,0],"ix":1},"s":{"a":0,"k":[100,100],"ix":3},"r":{"a":0,"k":0,"ix":6},"o":{"a":0,"k":100,"ix":7},"sk":{"a":0,"k":0,"ix":4},"sa":{"a":0,"k":0,"ix":5},"nm":"Transform"}],"nm":"F","np":3,"cix":2,"bm":0,"ix":7,"mn":"ADBE Vector Group","hd":false},{"ty":"gr","it":[{"ind":0,"ty":"sh","ix":1,"ks":{"a":0,"k":{"i":[[0,0],[-1.367,-1.352],[-2.256,0],[-1.372,1.45],[0,2.471],[0,0],[1.367,1.47],[2.373,0],[1.152,-0.664],[0.615,-1.235],[0,-1.582]],"o":[[0.107,2.314],[1.367,1.353],[2.344,0],[1.372,-1.45],[0,0],[0,-2.529],[-1.367,-1.47],[-1.553,0],[-1.152,0.664],[-0.615,1.236],[0,0]],"v":[[36.291,-7.236],[38.503,-1.736],[43.938,0.293],[49.511,-1.882],[51.57,-7.764],[51.57,-7.939],[49.519,-13.938],[43.908,-16.143],[39.851,-15.146],[37.199,-12.297],[36.277,-8.071]],"c":true},"ix":2},"nm":"o","mn":"ADBE Vector Shape - Group","hd":false},{"ind":1,"ty":"sh","ix":2,"ks":{"a":0,"k":{"i":[[0,0],[-1.65,0],[0,-2.842],[0,0],[1.758,0],[0.459,0.684],[0,1.465]],"o":[[0.137,-2.451],[1.816,0],[0,0],[-0.039,2.705],[-0.899,0],[-0.459,-0.683],[0,0]],"v":[[41.228,-8.657],[43.908,-12.334],[46.633,-8.071],[46.633,-7.573],[43.938,-3.516],[41.902,-4.541],[41.213,-7.764]],"c":true},"ix":2},"nm":"o","mn":"ADBE Vector Shape - Group","hd":false},{"ty":"mm","mm":1,"nm":"Merge Paths 1","mn":"ADBE Vector Filter - Merge","hd":false},{"ty":"st","c":{"a":0,"k":[0,0,0,1],"ix":3},"o":{"a":0,"k":100,"ix":4},"w":{"a":0,"k":2,"ix":5},"lc":1,"lj":1,"ml":4,"bm":0,"nm":"Stroke 1","mn":"ADBE Vector Graphic - Stroke","hd":true},{"ty":"fl","c":{"a":0,"k":[1,1,1,1],"ix":4},"o":{"a":0,"k":100,"ix":5},"r":1,"bm":0,"nm":"Fill 1","mn":"ADBE Vector Graphic - Fill","hd":false},{"ty":"tr","p":{"a":0,"k":[0,0],"ix":2},"a":{"a":0,"k":[0,0],"ix":1},"s":{"a":0,"k":[100,100],"ix":3},"r":{"a":0,"k":0,"ix":6},"o":{"a":0,"k":100,"ix":7},"sk":{"a":0,"k":0,"ix":4},"sa":{"a":0,"k":0,"ix":5},"nm":"Transform"}],"nm":"o","np":5,"cix":2,"bm":0,"ix":8,"mn":"ADBE Vector Group","hd":false},{"ty":"gr","it":[{"ind":0,"ty":"sh","ix":1,"ks":{"a":0,"k":{"i":[[0,0],[0,0],[0,0],[0,0],[0,0],[1.133,0],[0,1.357],[0,0],[0,0],[0,0],[-0.894,-1.011],[-1.738,0],[-1.045,1.338]],"o":[[0,0],[0,0],[0,0],[0,0],[-0.479,0.811],[-1.318,0],[0,0],[0,0],[0,0],[0,1.895],[0.894,1.011],[1.777,0],[0,0]],"v":[[64.682,0],[69.311,0],[69.311,-15.85],[64.345,-15.85],[64.345,-4.731],[61.928,-3.516],[59.951,-5.552],[59.951,-15.85],[55.014,-15.85],[55.014,-5.581],[56.355,-1.223],[60.302,0.293],[64.536,-1.714]],"c":true},"ix":2},"nm":"u","mn":"ADBE Vector Shape - Group","hd":false},{"ty":"st","c":{"a":0,"k":[0,0,0,1],"ix":3},"o":{"a":0,"k":100,"ix":4},"w":{"a":0,"k":2,"ix":5},"lc":1,"lj":1,"ml":4,"bm":0,"nm":"Stroke 1","mn":"ADBE Vector Graphic - Stroke","hd":true},{"ty":"fl","c":{"a":0,"k":[1,1,1,1],"ix":4},"o":{"a":0,"k":100,"ix":5},"r":1,"bm":0,"nm":"Fill 1","mn":"ADBE Vector Graphic - Fill","hd":false},{"ty":"tr","p":{"a":0,"k":[0,0],"ix":2},"a":{"a":0,"k":[0,0],"ix":1},"s":{"a":0,"k":[100,100],"ix":3},"r":{"a":0,"k":0,"ix":6},"o":{"a":0,"k":100,"ix":7},"sk":{"a":0,"k":0,"ix":4},"sa":{"a":0,"k":0,"ix":5},"nm":"Transform"}],"nm":"u","np":3,"cix":2,"bm":0,"ix":9,"mn":"ADBE Vector Group","hd":false},{"ty":"gr","it":[{"ind":0,"ty":"sh","ix":1,"ks":{"a":0,"k":{"i":[[0,0],[0,0],[0,0],[0,0],[-0.967,0],[-0.322,-0.376],[0,-0.801],[0,0],[0,0],[0,0],[0.815,0.986],[1.65,0],[1.094,-1.436],[0,0]],"o":[[0,0],[0,0],[0,0],[0.469,-0.762],[0.85,0],[0.322,0.376],[0,0],[0,0],[0,0],[-0.029,-1.982],[-0.816,-0.986],[-1.924,0],[0,0],[0,0]],"v":[[73.269,-15.85],[73.269,0],[78.205,0],[78.205,-11.191],[80.358,-12.334],[82.116,-11.77],[82.6,-10.005],[82.6,0],[87.551,0],[87.551,-10.21],[86.284,-14.663],[82.585,-16.143],[78.059,-13.989],[77.897,-15.85]],"c":true},"ix":2},"nm":"n","mn":"ADBE Vector Shape - Group","hd":false},{"ty":"st","c":{"a":0,"k":[0,0,0,1],"ix":3},"o":{"a":0,"k":100,"ix":4},"w":{"a":0,"k":2,"ix":5},"lc":1,"lj":1,"ml":4,"bm":0,"nm":"Stroke 1","mn":"ADBE Vector Graphic - Stroke","hd":true},{"ty":"fl","c":{"a":0,"k":[1,1,1,1],"ix":4},"o":{"a":0,"k":100,"ix":5},"r":1,"bm":0,"nm":"Fill 1","mn":"ADBE Vector Graphic - Fill","hd":false},{"ty":"tr","p":{"a":0,"k":[0,0],"ix":2},"a":{"a":0,"k":[0,0],"ix":1},"s":{"a":0,"k":[100,100],"ix":3},"r":{"a":0,"k":0,"ix":6},"o":{"a":0,"k":100,"ix":7},"sk":{"a":0,"k":0,"ix":4},"sa":{"a":0,"k":0,"ix":5},"nm":"Transform"}],"nm":"n","np":3,"cix":2,"bm":0,"ix":10,"mn":"ADBE Vector Group","hd":false},{"ty":"gr","it":[{"ind":0,"ty":"sh","ix":1,"ks":{"a":0,"k":{"i":[[-1.104,-1.445],[-1.885,0],[-1.016,1.328],[0,0],[0,0],[0,0],[0,0],[0,0],[1.416,0],[1.084,-1.445],[0,-2.51]],"o":[[1.103,1.445],[1.562,0],[0,0],[0,0],[0,0],[0,0],[0,0],[-0.967,-1.113],[-1.943,0],[-1.084,1.445],[0,2.666]],"v":[[92.665,-1.875],[97.148,0.293],[101.015,-1.699],[101.264,0],[105.703,0],[105.703,-22.5],[100.751,-22.5],[100.751,-14.473],[97.177,-16.143],[92.636,-13.975],[91.01,-8.042]],"c":true},"ix":2},"nm":"d","mn":"ADBE Vector Shape - Group","hd":false},{"ind":1,"ty":"sh","ix":2,"ks":{"a":0,"k":{"i":[[0,0],[-1.523,0],[-0.449,-0.938],[0,0],[1.094,0],[0,2.813]],"o":[[0.127,-2.461],[1.094,0],[0,0],[-0.469,0.918],[-1.641,0],[0,0]],"v":[[95.961,-8.643],[98.437,-12.334],[100.751,-10.928],[100.751,-4.893],[98.408,-3.516],[95.947,-7.734]],"c":true},"ix":2},"nm":"d","mn":"ADBE Vector Shape - Group","hd":false},{"ty":"mm","mm":1,"nm":"Merge Paths 1","mn":"ADBE Vector Filter - Merge","hd":false},{"ty":"st","c":{"a":0,"k":[0,0,0,1],"ix":3},"o":{"a":0,"k":100,"ix":4},"w":{"a":0,"k":2,"ix":5},"lc":1,"lj":1,"ml":4,"bm":0,"nm":"Stroke 1","mn":"ADBE Vector Graphic - Stroke","hd":true},{"ty":"fl","c":{"a":0,"k":[1,1,1,1],"ix":4},"o":{"a":0,"k":100,"ix":5},"r":1,"bm":0,"nm":"Fill 1","mn":"ADBE Vector Graphic - Fill","hd":false},{"ty":"tr","p":{"a":0,"k":[0,0],"ix":2},"a":{"a":0,"k":[0,0],"ix":1},"s":{"a":0,"k":[100,100],"ix":3},"r":{"a":0,"k":0,"ix":6},"o":{"a":0,"k":100,"ix":7},"sk":{"a":0,"k":0,"ix":4},"sa":{"a":0,"k":0,"ix":5},"nm":"Transform"}],"nm":"d","np":5,"cix":2,"bm":0,"ix":11,"mn":"ADBE Vector Group","hd":false}],"ip":0,"op":160.000006516934,"st":0,"bm":0},{"ddd":0,"ind":2,"ty":4,"nm":"chatbbl Outlines","parent":17,"sr":1,"ks":{"o":{"a":1,"k":[{"i":{"x":[0.833],"y":[0.833]},"o":{"x":[0.167],"y":[0.167]},"t":30,"s":[0]},{"i":{"x":[0.833],"y":[0.833]},"o":{"x":[0.167],"y":[0.167]},"t":34,"s":[100]},{"i":{"x":[0.833],"y":[0.833]},"o":{"x":[0.167],"y":[0.167]},"t":142,"s":[100]},{"t":147.000005987433,"s":[0]}],"ix":11},"r":{"a":0,"k":-13.827,"ix":10},"p":{"a":0,"k":[16.44,44.048,0],"ix":2,"l":2},"a":{"a":0,"k":[8,12.078,0],"ix":1,"l":2},"s":{"a":1,"k":[{"i":{"x":[0.536,0.536,0.667],"y":[1.571,1.632,1]},"o":{"x":[1,1,0.333],"y":[-0.314,-0.347,0]},"t":24,"s":[0,0,100]},{"i":{"x":[0.536,0.536,0.667],"y":[1,1,1]},"o":{"x":[0.167,0.167,0.167],"y":[0,0,0]},"t":35,"s":[2455,2218.426,100]},{"i":{"x":[0.667,0.667,0.667],"y":[1,1,1]},"o":{"x":[0.167,0.167,0.167],"y":[0,0,0]},"t":138,"s":[2455,2218.426,100]},{"t":149.000006068894,"s":[0,0,100]}],"ix":6,"l":2}},"ao":0,"shapes":[{"ty":"gr","it":[{"ind":0,"ty":"sh","ix":1,"ks":{"a":0,"k":{"i":[[-0.461,0],[0,0],[0,-0.462],[0,0],[0.461,0],[0,0],[0.068,0],[0.226,0.276],[0,0],[0,0.463],[0,0]],"o":[[0,0],[0.461,0],[0,0],[0,0.463],[0,0],[-0.044,0.043],[-0.063,0],[0,0],[-0.461,0],[0,0],[0,-0.462]],"v":[[-4.695,-5.316],[4.758,-5.316],[5.593,-4.479],[5.593,1.047],[4.758,1.885],[-1.857,1.885],[-0.443,4.638],[-2.975,1.885],[-4.695,1.885],[-5.53,1.047],[-5.53,-4.479]],"c":true},"ix":2},"nm":"Path 1","mn":"ADBE Vector Shape - Group","hd":false},{"ty":"fl","c":{"a":0,"k":[0.8235294117647058,0.0784313725490196,0.01568627450980392,1],"ix":4},"o":{"a":0,"k":100,"ix":5},"r":1,"bm":0,"nm":"Fill 1","mn":"ADBE Vector Graphic - Fill","hd":false},{"ty":"tr","p":{"a":0,"k":[8.1,7.098],"ix":2},"a":{"a":0,"k":[0,0],"ix":1},"s":{"a":0,"k":[132.04,100],"ix":3},"r":{"a":0,"k":0,"ix":6},"o":{"a":0,"k":100,"ix":7},"sk":{"a":0,"k":0,"ix":4},"sa":{"a":0,"k":0,"ix":5},"nm":"Transform"}],"nm":"Group 1","np":2,"cix":2,"bm":0,"ix":1,"mn":"ADBE Vector Group","hd":false}],"ip":0,"op":160.000006516934,"st":0,"bm":0},{"ddd":0,"ind":3,"ty":4,"nm":"Shape Layer 6","sr":1,"ks":{"o":{"a":0,"k":100,"ix":11},"r":{"a":0,"k":0,"ix":10},"p":{"a":0,"k":[276,220,0],"ix":2,"l":2},"a":{"a":0,"k":[0,0,0],"ix":1,"l":2},"s":{"a":0,"k":[184.8,184.8,100],"ix":6,"l":2}},"ao":0,"hasMask":true,"masksProperties":[{"inv":false,"mode":"s","pt":{"a":0,"k":{"i":[[65.722,0],[0,-65.722],[-65.722,0],[0,65.722]],"o":[[-65.722,0],[0,65.722],[65.722,0],[0,-65.722]],"v":[[-14,-102],[-133,17],[-14,136],[105,17]],"c":true},"ix":1},"o":{"a":0,"k":100,"ix":3},"x":{"a":0,"k":0,"ix":4},"nm":"Mask 1"}],"shapes":[{"ty":"gr","it":[{"ty":"rc","d":1,"s":{"a":0,"k":[500,500],"ix":2},"p":{"a":0,"k":[0,0],"ix":3},"r":{"a":0,"k":0,"ix":4},"nm":"Rectangle Path 1","mn":"ADBE Vector Shape - Rect","hd":false},{"ty":"st","c":{"a":0,"k":[0,0,0,1],"ix":3},"o":{"a":0,"k":100,"ix":4},"w":{"a":0,"k":0,"ix":5},"lc":1,"lj":1,"ml":4,"bm":0,"nm":"Stroke 1","mn":"ADBE Vector Graphic - Stroke","hd":false},{"ty":"fl","c":{"a":0,"k":[1,1,1,1],"ix":4},"o":{"a":0,"k":100,"ix":5},"r":1,"bm":0,"nm":"Fill 1","mn":"ADBE Vector Graphic - Fill","hd":false},{"ty":"tr","p":{"a":0,"k":[0,0],"ix":2},"a":{"a":0,"k":[0,0],"ix":1},"s":{"a":0,"k":[100,100],"ix":3},"r":{"a":0,"k":0,"ix":6},"o":{"a":0,"k":100,"ix":7},"sk":{"a":0,"k":0,"ix":4},"sa":{"a":0,"k":0,"ix":5},"nm":"Transform"}],"nm":"Rectangle 1","np":3,"cix":2,"bm":0,"ix":1,"mn":"ADBE Vector Group","hd":false}],"ip":0,"op":160.000006516934,"st":0,"bm":0},{"ddd":0,"ind":4,"ty":4,"nm":"Shape Layer 1","hd":true,"sr":1,"ks":{"o":{"a":0,"k":100,"ix":11},"r":{"a":0,"k":0,"ix":10},"p":{"a":0,"k":[243,250,0],"ix":2,"l":2},"a":{"a":0,"k":[-13,-4,0],"ix":1,"l":2},"s":{"a":0,"k":[122.901,122.901,100],"ix":6,"l":2}},"ao":0,"shapes":[{"ty":"gr","it":[{"d":1,"ty":"el","s":{"a":0,"k":[258,258],"ix":2},"p":{"a":0,"k":[0,0],"ix":3},"nm":"Ellipse Path 1","mn":"ADBE Vector Shape - Ellipse","hd":false},{"ty":"st","c":{"a":0,"k":[0,0,0,1],"ix":3},"o":{"a":0,"k":100,"ix":4},"w":{"a":0,"k":0,"ix":5},"lc":1,"lj":1,"ml":4,"bm":0,"nm":"Stroke 1","mn":"ADBE Vector Graphic - Stroke","hd":false},{"ty":"fl","c":{"a":0,"k":[0.796078431373,0.796078431373,0.796078431373,1],"ix":4},"o":{"a":0,"k":70,"ix":5},"r":1,"bm":0,"nm":"Fill 1","mn":"ADBE Vector Graphic - Fill","hd":false},{"ty":"tr","p":{"a":0,"k":[-11,-5],"ix":2},"a":{"a":0,"k":[0,0],"ix":1},"s":{"a":0,"k":[100,100],"ix":3},"r":{"a":0,"k":0,"ix":6},"o":{"a":0,"k":100,"ix":7},"sk":{"a":0,"k":0,"ix":4},"sa":{"a":0,"k":0,"ix":5},"nm":"Transform"}],"nm":"Ellipse 1","np":3,"cix":2,"bm":0,"ix":1,"mn":"ADBE Vector Group","hd":false}],"ip":0,"op":160.000006516934,"st":0,"bm":0},{"ddd":0,"ind":5,"ty":5,"nm":"No Data Found","hd":true,"sr":1,"ks":{"o":{"a":0,"k":100,"ix":11},"r":{"a":0,"k":0,"ix":10},"p":{"a":0,"k":[197.5,99.5,0],"ix":2,"l":2},"a":{"a":0,"k":[0,0,0],"ix":1,"l":2},"s":{"a":0,"k":[107.71,107.71,100],"ix":6,"l":2}},"ao":0,"t":{"d":{"k":[{"s":{"s":30,"f":"Roboto-Black","t":"No Data Found","j":2,"tr":45,"lh":36,"ls":0,"fc":[0,0,0]},"t":0}]},"p":{},"m":{"g":1,"a":{"a":0,"k":[0,0],"ix":2}},"a":[]},"ip":0,"op":160.000006516934,"st":0,"bm":0},{"ddd":0,"ind":6,"ty":4,"nm":"Shape Layer 5","parent":17,"sr":1,"ks":{"o":{"a":0,"k":100,"ix":11},"r":{"a":0,"k":-5,"ix":10},"p":{"a":0,"k":[88.59,116.314,0],"ix":2,"l":2},"a":{"a":0,"k":[-101,-82,0],"ix":1,"l":2},"s":{"a":1,"k":[{"i":{"x":[0.424,0.424,0.667],"y":[1.105,0.996,1]},"o":{"x":[0.563,0.563,0.333],"y":[-5.429,0.191,0]},"t":18,"s":[199.948,120.468,100]},{"i":{"x":[0.833,0.833,0.833],"y":[1,0.833,1]},"o":{"x":[0.333,0.333,0.333],"y":[0,0,0]},"t":26,"s":[177.542,757.116,100]},{"i":{"x":[0.833,0.833,0.833],"y":[0.833,0.833,0.833]},"o":{"x":[0.167,0.167,0.167],"y":[0.167,0.167,0.167]},"t":118,"s":[177.542,487.024,100]},{"t":133.000005417201,"s":[199.948,120.468,100]}],"ix":6,"l":2}},"ao":0,"shapes":[{"ty":"gr","it":[{"d":1,"ty":"el","s":{"a":0,"k":[6.75,2],"ix":2},"p":{"a":0,"k":[0,0],"ix":3},"nm":"Ellipse Path 1","mn":"ADBE Vector Shape - Ellipse","hd":false},{"ty":"st","c":{"a":0,"k":[0,0,0,1],"ix":3},"o":{"a":0,"k":100,"ix":4},"w":{"a":0,"k":0,"ix":5},"lc":1,"lj":1,"ml":4,"bm":0,"nm":"Stroke 1","mn":"ADBE Vector Graphic - Stroke","hd":false},{"ty":"fl","c":{"a":0,"k":[0.803921568627,0.053594768749,0.053594768749,1],"ix":4},"o":{"a":0,"k":100,"ix":5},"r":1,"bm":0,"nm":"Fill 1","mn":"ADBE Vector Graphic - Fill","hd":false},{"ty":"tr","p":{"a":0,"k":[-101.125,-82.5],"ix":2},"a":{"a":0,"k":[0,0],"ix":1},"s":{"a":0,"k":[100,100],"ix":3},"r":{"a":0,"k":0,"ix":6},"o":{"a":0,"k":100,"ix":7},"sk":{"a":0,"k":0,"ix":4},"sa":{"a":0,"k":0,"ix":5},"nm":"Transform"}],"nm":"Ellipse 1","np":3,"cix":2,"bm":0,"ix":1,"mn":"ADBE Vector Group","hd":false}],"ip":0,"op":160.000006516934,"st":0,"bm":0},{"ddd":0,"ind":7,"ty":4,"nm":"Shape Layer 4","parent":17,"sr":1,"ks":{"o":{"a":0,"k":100,"ix":11},"r":{"a":0,"k":0,"ix":10},"p":{"a":0,"k":[66.344,81.538,0],"ix":2,"l":2},"a":{"a":0,"k":[-103.25,-101.5,0],"ix":1,"l":2},"s":{"a":1,"k":[{"i":{"x":[0.667,0.667,0.667],"y":[1,1,1]},"o":{"x":[0.333,0.333,0.333],"y":[0,0,0]},"t":12,"s":[53.432,53.432,100]},{"i":{"x":[0.667,0.667,0.667],"y":[1,1,1]},"o":{"x":[0.333,0.333,0.333],"y":[0,0,0]},"t":15,"s":[53.432,0,100]},{"i":{"x":[0.667,0.667,0.667],"y":[1,1,1]},"o":{"x":[0.333,0.333,0.333],"y":[0,0,0]},"t":19,"s":[53.432,53.432,100]},{"i":{"x":[0.667,0.667,0.667],"y":[1,1,1]},"o":{"x":[0.333,0.333,0.333],"y":[0,0,0]},"t":22,"s":[53.432,0,100]},{"i":{"x":[0.667,0.667,0.667],"y":[1,1,1]},"o":{"x":[0.333,0.333,0.333],"y":[0,0,0]},"t":26,"s":[53.432,53.432,100]},{"i":{"x":[0.667,0.667,0.667],"y":[1,1,1]},"o":{"x":[0.333,0.333,0.333],"y":[0,0,0]},"t":51,"s":[53.432,53.432,100]},{"i":{"x":[0.667,0.667,0.667],"y":[1,1,1]},"o":{"x":[0.333,0.333,0.333],"y":[0,0,0]},"t":54,"s":[53.432,0,100]},{"i":{"x":[0.667,0.667,0.667],"y":[1,1,1]},"o":{"x":[0.333,0.333,0.333],"y":[0,0,0]},"t":58,"s":[53.432,53.432,100]},{"i":{"x":[0.667,0.667,0.667],"y":[1,1,1]},"o":{"x":[0.333,0.333,0.333],"y":[0,0,0]},"t":92,"s":[53.432,53.432,100]},{"i":{"x":[0.667,0.667,0.667],"y":[1,1,1]},"o":{"x":[0.333,0.333,0.333],"y":[0,0,0]},"t":95,"s":[53.432,0,100]},{"i":{"x":[0.667,0.667,0.667],"y":[1,1,1]},"o":{"x":[0.333,0.333,0.333],"y":[0,0,0]},"t":99,"s":[53.432,53.432,100]},{"i":{"x":[0.667,0.667,0.667],"y":[1,1,1]},"o":{"x":[0.333,0.333,0.333],"y":[0,0,0]},"t":138,"s":[53.432,53.432,100]},{"i":{"x":[0.667,0.667,0.667],"y":[1,1,1]},"o":{"x":[0.333,0.333,0.333],"y":[0,0,0]},"t":141,"s":[53.432,0,100]},{"t":145.000005905971,"s":[53.432,53.432,100]}],"ix":6,"l":2}},"ao":0,"shapes":[{"ty":"gr","it":[{"d":1,"ty":"el","s":{"a":0,"k":[14.5,14.5],"ix":2},"p":{"a":0,"k":[0,0],"ix":3},"nm":"Ellipse Path 1","mn":"ADBE Vector Shape - Ellipse","hd":false},{"ty":"st","c":{"a":0,"k":[0,0,0,1],"ix":3},"o":{"a":0,"k":100,"ix":4},"w":{"a":0,"k":0,"ix":5},"lc":1,"lj":1,"ml":4,"bm":0,"nm":"Stroke 1","mn":"ADBE Vector Graphic - Stroke","hd":false},{"ty":"fl","c":{"a":0,"k":[0,0,0,1],"ix":4},"o":{"a":0,"k":100,"ix":5},"r":1,"bm":0,"nm":"Fill 1","mn":"ADBE Vector Graphic - Fill","hd":false},{"ty":"tr","p":{"a":0,"k":[-103.25,-101.75],"ix":2},"a":{"a":0,"k":[0,0],"ix":1},"s":{"a":0,"k":[100,100],"ix":3},"r":{"a":0,"k":0,"ix":6},"o":{"a":0,"k":100,"ix":7},"sk":{"a":0,"k":0,"ix":4},"sa":{"a":0,"k":0,"ix":5},"nm":"Transform"}],"nm":"Ellipse 1","np":3,"cix":2,"bm":0,"ix":1,"mn":"ADBE Vector Group","hd":false}],"ip":0,"op":160.000006516934,"st":0,"bm":0},{"ddd":0,"ind":8,"ty":4,"nm":"Shape Layer 3","parent":17,"sr":1,"ks":{"o":{"a":0,"k":100,"ix":11},"r":{"a":0,"k":0,"ix":10},"p":{"a":0,"k":[103.422,78.402,0],"ix":2,"l":2},"a":{"a":0,"k":[-103.25,-101.5,0],"ix":1,"l":2},"s":{"a":1,"k":[{"i":{"x":[0.667,0.667,0.667],"y":[1,1,1]},"o":{"x":[0.333,0.333,0.333],"y":[0,0,0]},"t":12,"s":[53.432,53.432,100]},{"i":{"x":[0.667,0.667,0.667],"y":[1,1,1]},"o":{"x":[0.333,0.333,0.333],"y":[0,0,0]},"t":15,"s":[53.432,0,100]},{"i":{"x":[0.667,0.667,0.667],"y":[1,1,1]},"o":{"x":[0.333,0.333,0.333],"y":[0,0,0]},"t":19,"s":[53.432,53.432,100]},{"i":{"x":[0.667,0.667,0.667],"y":[1,1,1]},"o":{"x":[0.333,0.333,0.333],"y":[0,0,0]},"t":22,"s":[53.432,0,100]},{"i":{"x":[0.667,0.667,0.667],"y":[1,1,1]},"o":{"x":[0.333,0.333,0.333],"y":[0,0,0]},"t":26,"s":[53.432,53.432,100]},{"i":{"x":[0.667,0.667,0.667],"y":[1,1,1]},"o":{"x":[0.333,0.333,0.333],"y":[0,0,0]},"t":51,"s":[53.432,53.432,100]},{"i":{"x":[0.667,0.667,0.667],"y":[1,1,1]},"o":{"x":[0.333,0.333,0.333],"y":[0,0,0]},"t":54,"s":[53.432,0,100]},{"i":{"x":[0.667,0.667,0.667],"y":[1,1,1]},"o":{"x":[0.333,0.333,0.333],"y":[0,0,0]},"t":58,"s":[53.432,53.432,100]},{"i":{"x":[0.667,0.667,0.667],"y":[1,1,1]},"o":{"x":[0.333,0.333,0.333],"y":[0,0,0]},"t":92,"s":[53.432,53.432,100]},{"i":{"x":[0.667,0.667,0.667],"y":[1,1,1]},"o":{"x":[0.333,0.333,0.333],"y":[0,0,0]},"t":95,"s":[53.432,0,100]},{"i":{"x":[0.667,0.667,0.667],"y":[1,1,1]},"o":{"x":[0.333,0.333,0.333],"y":[0,0,0]},"t":99,"s":[53.432,53.432,100]},{"i":{"x":[0.667,0.667,0.667],"y":[1,1,1]},"o":{"x":[0.333,0.333,0.333],"y":[0,0,0]},"t":138,"s":[53.432,53.432,100]},{"i":{"x":[0.667,0.667,0.667],"y":[1,1,1]},"o":{"x":[0.333,0.333,0.333],"y":[0,0,0]},"t":141,"s":[53.432,0,100]},{"t":145.000005905971,"s":[53.432,53.432,100]}],"ix":6,"l":2}},"ao":0,"shapes":[{"ty":"gr","it":[{"d":1,"ty":"el","s":{"a":0,"k":[14.5,14.5],"ix":2},"p":{"a":0,"k":[0,0],"ix":3},"nm":"Ellipse Path 1","mn":"ADBE Vector Shape - Ellipse","hd":false},{"ty":"st","c":{"a":0,"k":[0,0,0,1],"ix":3},"o":{"a":0,"k":100,"ix":4},"w":{"a":0,"k":0,"ix":5},"lc":1,"lj":1,"ml":4,"bm":0,"nm":"Stroke 1","mn":"ADBE Vector Graphic - Stroke","hd":false},{"ty":"fl","c":{"a":0,"k":[0,0,0,1],"ix":4},"o":{"a":0,"k":100,"ix":5},"r":1,"bm":0,"nm":"Fill 1","mn":"ADBE Vector Graphic - Fill","hd":false},{"ty":"tr","p":{"a":0,"k":[-103.25,-101.75],"ix":2},"a":{"a":0,"k":[0,0],"ix":1},"s":{"a":0,"k":[100,100],"ix":3},"r":{"a":0,"k":0,"ix":6},"o":{"a":0,"k":100,"ix":7},"sk":{"a":0,"k":0,"ix":4},"sa":{"a":0,"k":0,"ix":5},"nm":"Transform"}],"nm":"Ellipse 1","np":3,"cix":2,"bm":0,"ix":1,"mn":"ADBE Vector Group","hd":false}],"ip":0,"op":160.000006516934,"st":0,"bm":0},{"ddd":0,"ind":9,"ty":4,"nm":"Shape Layer 2","sr":1,"ks":{"o":{"a":0,"k":5,"ix":11},"r":{"a":0,"k":0,"ix":10},"p":{"a":0,"k":[244,728,0],"ix":2,"l":2},"a":{"a":0,"k":[0,404,0],"ix":1,"l":2},"s":{"a":0,"k":[100,100,100],"ix":6,"l":2}},"ao":0,"shapes":[{"ty":"gr","it":[{"d":1,"ty":"el","s":{"a":0,"k":[254,48],"ix":2},"p":{"a":0,"k":[0,0],"ix":3},"nm":"Ellipse Path 1","mn":"ADBE Vector Shape - Ellipse","hd":false},{"ty":"st","c":{"a":0,"k":[0,0,0,1],"ix":3},"o":{"a":0,"k":100,"ix":4},"w":{"a":0,"k":0,"ix":5},"lc":1,"lj":1,"ml":4,"bm":0,"nm":"Stroke 1","mn":"ADBE Vector Graphic - Stroke","hd":false},{"ty":"fl","c":{"a":0,"k":[0,0,0,1],"ix":4},"o":{"a":0,"k":100,"ix":5},"r":1,"bm":0,"nm":"Fill 1","mn":"ADBE Vector Graphic - Fill","hd":false},{"ty":"tr","p":{"a":0,"k":[-1,410],"ix":2},"a":{"a":0,"k":[0,0],"ix":1},"s":{"a":0,"k":[100,100],"ix":3},"r":{"a":0,"k":0,"ix":6},"o":{"a":0,"k":100,"ix":7},"sk":{"a":0,"k":0,"ix":4},"sa":{"a":0,"k":0,"ix":5},"nm":"Transform"}],"nm":"Ellipse 1","np":3,"cix":2,"bm":0,"ix":1,"mn":"ADBE Vector Group","hd":false}],"ip":0,"op":160.000006516934,"st":0,"bm":0},{"ddd":0,"ind":10,"ty":4,"nm":"paper hand Outlines","parent":14,"sr":1,"ks":{"o":{"a":0,"k":100,"ix":11},"r":{"a":1,"k":[{"i":{"x":[0.833],"y":[0.982]},"o":{"x":[0.333],"y":[0]},"t":10,"s":[-40]},{"i":{"x":[0.833],"y":[6.232]},"o":{"x":[0.167],"y":[5.361]},"t":23,"s":[-4]},{"i":{"x":[0.667],"y":[1]},"o":{"x":[0.167],"y":[0.021]},"t":132,"s":[-4]},{"t":148.000006028164,"s":[-40]}],"ix":10},"p":{"a":0,"k":[24.822,130.705,0],"ix":2,"l":2},"a":{"a":0,"k":[90.5,84.5,0],"ix":1,"l":2},"s":{"a":0,"k":[136.238,136.238,100],"ix":6,"l":2}},"ao":0,"shapes":[{"ty":"gr","it":[{"ind":0,"ty":"sh","ix":1,"ks":{"a":0,"k":{"i":[[0,0],[0.171,3.434],[0,0],[-8.01,6.062]],"o":[[0,0],[-1.947,-39.039],[0,0],[13.193,20.314]],"v":[[35.195,27.711],[-17.404,40.731],[-35.195,-31.146],[17.404,-44.165]],"c":true},"ix":2},"nm":"Path 1","mn":"ADBE Vector Shape - Group","hd":true},{"ty":"fl","c":{"a":0,"k":[0.902000038297,0.902000038297,0.902000038297,1],"ix":4},"o":{"a":0,"k":100,"ix":5},"r":1,"bm":0,"nm":"Fill 1","mn":"ADBE Vector Graphic - Fill","hd":true},{"ty":"tr","p":{"a":0,"k":[49.11,55.468],"ix":2},"a":{"a":0,"k":[0,0],"ix":1},"s":{"a":0,"k":[100,100],"ix":3},"r":{"a":1,"k":[{"i":{"x":[0.667],"y":[1]},"o":{"x":[0.333],"y":[0]},"t":15,"s":[0]},{"i":{"x":[0.667],"y":[1]},"o":{"x":[0.333],"y":[0]},"t":27,"s":[-13]},{"i":{"x":[0.667],"y":[1]},"o":{"x":[0.333],"y":[0]},"t":35,"s":[1]},{"i":{"x":[0.667],"y":[1]},"o":{"x":[0.167],"y":[0]},"t":51,"s":[-13]},{"i":{"x":[0.833],"y":[1]},"o":{"x":[0.167],"y":[0]},"t":97,"s":[-13]},{"i":{"x":[0.833],"y":[1]},"o":{"x":[0.167],"y":[0]},"t":104,"s":[-18]},{"i":{"x":[0.833],"y":[1]},"o":{"x":[0.167],"y":[0]},"t":118,"s":[-6]},{"t":140.000005702317,"s":[0]}],"ix":6},"o":{"a":0,"k":100,"ix":7},"sk":{"a":0,"k":0,"ix":4},"sa":{"a":0,"k":0,"ix":5},"nm":"Transform"}],"nm":"Group 1","np":2,"cix":2,"bm":0,"ix":1,"mn":"ADBE Vector Group","hd":true},{"ty":"gr","it":[{"ty":"fl","c":{"a":0,"k":[0.948999980852,0.658999992819,0.556999954523,1],"ix":4},"o":{"a":0,"k":100,"ix":5},"r":1,"bm":0,"nm":"Fill 1","mn":"ADBE Vector Graphic - Fill","hd":false},{"ty":"tr","p":{"a":0,"k":[45.192,23.407],"ix":2},"a":{"a":0,"k":[0,0],"ix":1},"s":{"a":0,"k":[100,100],"ix":3},"r":{"a":0,"k":0,"ix":6},"o":{"a":0,"k":100,"ix":7},"sk":{"a":0,"k":0,"ix":4},"sa":{"a":0,"k":0,"ix":5},"nm":"Transform"}],"nm":"Group 4","np":1,"cix":2,"bm":0,"ix":2,"mn":"ADBE Vector Group","hd":false},{"ty":"gr","it":[{"ind":0,"ty":"sh","ix":1,"ks":{"a":0,"k":{"i":[[0,0],[0,0],[0,0],[-5.073,4.175],[3.275,4.371]],"o":[[0,0],[0,0],[2.927,5.881],[4.218,-3.47],[0,0]],"v":[[-19.606,-32.068],[-28.778,-28.309],[8.18,24.557],[23.819,27.893],[25.503,13.877]],"c":true},"ix":2},"nm":"Path 1","mn":"ADBE Vector Shape - Group","hd":false},{"ty":"fl","c":{"a":0,"k":[0.948999980852,0.658999992819,0.556999954523,1],"ix":4},"o":{"a":0,"k":100,"ix":5},"r":1,"bm":0,"nm":"Fill 1","mn":"ADBE Vector Graphic - Fill","hd":false},{"ty":"tr","p":{"a":0,"k":[68.298,62.854],"ix":2},"a":{"a":0,"k":[0,0],"ix":1},"s":{"a":0,"k":[100,100],"ix":3},"r":{"a":0,"k":0,"ix":6},"o":{"a":0,"k":100,"ix":7},"sk":{"a":0,"k":0,"ix":4},"sa":{"a":0,"k":0,"ix":5},"nm":"Transform"}],"nm":"Group 5","np":2,"cix":2,"bm":0,"ix":3,"mn":"ADBE Vector Group","hd":false}],"ip":0,"op":160.000006516934,"st":0,"bm":0},{"ddd":0,"ind":11,"ty":4,"nm":"man hand Outlines 2","parent":13,"sr":1,"ks":{"o":{"a":0,"k":100,"ix":11},"r":{"a":0,"k":138.95,"ix":10},"p":{"a":0,"k":[48.644,36.698,0],"ix":2,"l":2},"a":{"a":0,"k":[3.27,5.582,0],"ix":1,"l":2},"s":{"a":0,"k":[605.234,-546.711,100],"ix":6,"l":2}},"ao":0,"shapes":[{"ty":"gr","it":[{"ind":0,"ty":"sh","ix":1,"ks":{"a":0,"k":{"i":[[0.028,0.137],[0.038,0.049],[0.152,0.318],[-0.247,0.066],[-0.268,-0.269],[0.043,0.449],[0,0],[-0.278,0.074],[0,0],[-0.366,-0.959],[0.01,0.134],[0.003,0.169],[-0.306,0.038],[0,0],[-0.034,-0.127],[-0.231,0.061],[-0.045,-0.201],[-0.021,-0.114],[-0.087,0.023],[0.049,-0.362],[-0.005,-0.083],[0.11,-0.387],[0.022,-0.108]],"o":[[-0.014,-0.021],[-0.204,-0.286],[-0.087,-0.198],[0.397,-0.106],[0.014,-0.234],[0,0],[-0.012,-0.073],[0,0],[0.259,-0.052],[0.002,-0.12],[-0.019,-0.071],[-0.13,-0.264],[0.155,-0.025],[0.021,0.08],[-0.025,-0.223],[0.191,-0.051],[0.032,0.12],[0.048,-0.175],[0.374,-0.1],[-0.007,0.036],[0.02,0.233],[-0.122,0.467],[0.021,0.207]],"v":[[-0.699,-4.176],[-0.777,-4.282],[-1.503,-5.597],[-1.52,-6.367],[-0.908,-5.636],[-0.923,-6.774],[-1.117,-7.795],[-1.077,-8.47],[-1.068,-8.472],[-0.294,-6.975],[-0.307,-7.372],[-0.359,-7.92],[-0.266,-8.66],[0.036,-8.068],[0.255,-7.215],[0.333,-8.454],[0.65,-8.062],[0.85,-6.803],[0.863,-7.905],[1.385,-6.358],[1.385,-6.171],[1.313,-5.163],[1.012,-3.865]],"c":true},"ix":2},"nm":"Path 1","mn":"ADBE Vector Shape - Group","hd":false},{"ty":"fl","c":{"a":0,"k":[0.949019607843,0.658823529412,0.556862745098,1],"ix":4},"o":{"a":0,"k":100,"ix":5},"r":1,"bm":0,"nm":"Fill 1","mn":"ADBE Vector Graphic - Fill","hd":false},{"ty":"tr","p":{"a":0,"k":[3.242,9.261],"ix":2},"a":{"a":0,"k":[0,0],"ix":1},"s":{"a":0,"k":[100,100],"ix":3},"r":{"a":0,"k":0,"ix":6},"o":{"a":0,"k":100,"ix":7},"sk":{"a":0,"k":0,"ix":4},"sa":{"a":0,"k":0,"ix":5},"nm":"Transform"}],"nm":"Group 1","np":2,"cix":2,"bm":0,"ix":1,"mn":"ADBE Vector Group","hd":false}],"ip":0,"op":160.000006516934,"st":0,"bm":0},{"ddd":0,"ind":12,"ty":4,"nm":"man hand Outlines","parent":10,"sr":1,"ks":{"o":{"a":0,"k":100,"ix":11},"r":{"a":0,"k":-35.572,"ix":10},"p":{"a":0,"k":[47.31,34.962,0],"ix":2,"l":2},"a":{"a":0,"k":[3.27,5.582,0],"ix":1,"l":2},"s":{"a":0,"k":[-635.459,517.718,100],"ix":6,"l":2}},"ao":0,"shapes":[{"ty":"gr","it":[{"ind":0,"ty":"sh","ix":1,"ks":{"a":0,"k":{"i":[[0.028,0.137],[0.038,0.049],[0.152,0.318],[-0.247,0.066],[-0.268,-0.269],[0.043,0.449],[0,0],[-0.278,0.074],[0,0],[-0.366,-0.959],[0.01,0.134],[0.003,0.169],[-0.306,0.038],[0,0],[-0.034,-0.127],[-0.231,0.061],[-0.045,-0.201],[-0.021,-0.114],[-0.087,0.023],[0.049,-0.362],[-0.005,-0.083],[0.11,-0.387],[0.022,-0.108]],"o":[[-0.014,-0.021],[-0.204,-0.286],[-0.087,-0.198],[0.397,-0.106],[0.014,-0.234],[0,0],[-0.012,-0.073],[0,0],[0.259,-0.052],[0.002,-0.12],[-0.019,-0.071],[-0.13,-0.264],[0.155,-0.025],[0.021,0.08],[-0.025,-0.223],[0.191,-0.051],[0.032,0.12],[0.048,-0.175],[0.374,-0.1],[-0.007,0.036],[0.02,0.233],[-0.122,0.467],[0.021,0.207]],"v":[[-0.381,-3.324],[-0.509,-4.059],[-1.503,-5.597],[-1.52,-6.367],[-0.908,-5.636],[-0.923,-6.774],[-1.117,-7.795],[-1.077,-8.47],[-1.068,-8.472],[-0.294,-6.975],[-0.307,-7.372],[-0.359,-7.92],[-0.266,-8.66],[0.036,-8.068],[0.255,-7.215],[0.333,-8.454],[0.65,-8.062],[0.85,-6.803],[0.863,-7.905],[1.385,-6.358],[1.385,-6.171],[1.313,-5.163],[1.012,-3.865]],"c":true},"ix":2},"nm":"Path 1","mn":"ADBE Vector Shape - Group","hd":false},{"ty":"fl","c":{"a":0,"k":[0.949019607843,0.658823529412,0.556862745098,1],"ix":4},"o":{"a":0,"k":100,"ix":5},"r":1,"bm":0,"nm":"Fill 1","mn":"ADBE Vector Graphic - Fill","hd":false},{"ty":"tr","p":{"a":0,"k":[3.242,9.261],"ix":2},"a":{"a":0,"k":[0,0],"ix":1},"s":{"a":0,"k":[100,100],"ix":3},"r":{"a":0,"k":0,"ix":6},"o":{"a":0,"k":100,"ix":7},"sk":{"a":0,"k":0,"ix":4},"sa":{"a":0,"k":0,"ix":5},"nm":"Transform"}],"nm":"Group 1","np":2,"cix":2,"bm":0,"ix":1,"mn":"ADBE Vector Group","hd":false}],"ip":0,"op":160.000006516934,"st":0,"bm":0},{"ddd":0,"ind":13,"ty":4,"nm":"paper hand Outlines 2","parent":14,"sr":1,"ks":{"o":{"a":0,"k":100,"ix":11},"r":{"a":1,"k":[{"i":{"x":[0.833],"y":[0.978]},"o":{"x":[0.333],"y":[0]},"t":10,"s":[41]},{"i":{"x":[0.833],"y":[-4.206]},"o":{"x":[0.167],"y":[-5.338]},"t":26,"s":[4]},{"i":{"x":[0.667],"y":[1]},"o":{"x":[0.167],"y":[0.026]},"t":129,"s":[4]},{"t":148.000006028164,"s":[41]}],"ix":10},"p":{"a":0,"k":[184.328,129.182,0],"ix":2,"l":2},"a":{"a":0,"k":[90.5,84.5,0],"ix":1,"l":2},"s":{"a":0,"k":[-140.448,145.352,100],"ix":6,"l":2}},"ao":0,"shapes":[{"ty":"gr","it":[{"ind":0,"ty":"sh","ix":1,"ks":{"a":0,"k":{"i":[[0,0],[0.171,3.434],[0,0],[-8.01,6.062]],"o":[[0,0],[-1.947,-39.039],[0,0],[13.193,20.314]],"v":[[35.195,27.711],[-17.404,40.731],[-35.195,-31.146],[17.404,-44.165]],"c":true},"ix":2},"nm":"Path 1","mn":"ADBE Vector Shape - Group","hd":true},{"ty":"fl","c":{"a":0,"k":[0.902000038297,0.902000038297,0.902000038297,1],"ix":4},"o":{"a":0,"k":100,"ix":5},"r":1,"bm":0,"nm":"Fill 1","mn":"ADBE Vector Graphic - Fill","hd":true},{"ty":"tr","p":{"a":0,"k":[49.11,55.468],"ix":2},"a":{"a":0,"k":[0,0],"ix":1},"s":{"a":0,"k":[100,100],"ix":3},"r":{"a":1,"k":[{"i":{"x":[0.667],"y":[1]},"o":{"x":[0.333],"y":[0]},"t":15,"s":[0]},{"i":{"x":[0.667],"y":[1]},"o":{"x":[0.333],"y":[0]},"t":27,"s":[-13]},{"i":{"x":[0.667],"y":[1]},"o":{"x":[0.333],"y":[0]},"t":35,"s":[1]},{"i":{"x":[0.667],"y":[1]},"o":{"x":[0.167],"y":[0]},"t":51,"s":[-13]},{"i":{"x":[0.833],"y":[1]},"o":{"x":[0.167],"y":[0]},"t":97,"s":[-13]},{"i":{"x":[0.833],"y":[1]},"o":{"x":[0.167],"y":[0]},"t":104,"s":[-18]},{"i":{"x":[0.833],"y":[1]},"o":{"x":[0.167],"y":[0]},"t":118,"s":[-6]},{"t":140.000005702317,"s":[0]}],"ix":6},"o":{"a":0,"k":100,"ix":7},"sk":{"a":0,"k":0,"ix":4},"sa":{"a":0,"k":0,"ix":5},"nm":"Transform"}],"nm":"Group 1","np":2,"cix":2,"bm":0,"ix":1,"mn":"ADBE Vector Group","hd":true},{"ty":"gr","it":[{"ind":0,"ty":"sh","ix":1,"ks":{"a":0,"k":{"i":[[0,0],[0,0],[0,0],[-5.073,4.175],[3.275,4.371]],"o":[[0,0],[0,0],[2.927,5.881],[4.218,-3.47],[0,0]],"v":[[-19.606,-32.068],[-28.778,-28.309],[8.18,24.557],[23.819,27.893],[25.503,13.877]],"c":true},"ix":2},"nm":"Path 1","mn":"ADBE Vector Shape - Group","hd":false},{"ty":"fl","c":{"a":0,"k":[0.948999980852,0.658999992819,0.556999954523,1],"ix":4},"o":{"a":0,"k":100,"ix":5},"r":1,"bm":0,"nm":"Fill 1","mn":"ADBE Vector Graphic - Fill","hd":false},{"ty":"tr","p":{"a":0,"k":[68.298,62.854],"ix":2},"a":{"a":0,"k":[0,0],"ix":1},"s":{"a":0,"k":[100,100],"ix":3},"r":{"a":0,"k":0,"ix":6},"o":{"a":0,"k":100,"ix":7},"sk":{"a":0,"k":0,"ix":4},"sa":{"a":0,"k":0,"ix":5},"nm":"Transform"}],"nm":"Group 5","np":2,"cix":2,"bm":0,"ix":2,"mn":"ADBE Vector Group","hd":false}],"ip":0,"op":160.000006516934,"st":0,"bm":0},{"ddd":0,"ind":14,"ty":4,"nm":"body Outlines","parent":15,"sr":1,"ks":{"o":{"a":0,"k":100,"ix":11},"r":{"a":1,"k":[{"i":{"x":[0.667],"y":[1]},"o":{"x":[0.333],"y":[0]},"t":0,"s":[0]},{"i":{"x":[0.667],"y":[1]},"o":{"x":[0.333],"y":[0]},"t":38,"s":[5]},{"i":{"x":[0.667],"y":[1]},"o":{"x":[0.333],"y":[0]},"t":102,"s":[0]},{"i":{"x":[0.667],"y":[1]},"o":{"x":[0.333],"y":[0]},"t":130,"s":[5]},{"t":156.00000635401,"s":[0]}],"ix":10},"p":{"a":0,"k":[70.821,89.498,0],"ix":2,"l":2},"a":{"a":0,"k":[114.814,140.12,0],"ix":1,"l":2},"s":{"a":0,"k":[69.175,69.175,100],"ix":6,"l":2}},"ao":0,"shapes":[{"ty":"gr","it":[{"ind":0,"ty":"sh","ix":1,"ks":{"a":0,"k":{"i":[[0.163,-0.014],[0,0],[0.013,0.163],[0,0],[-0.163,0.013],[0,0],[-0.014,-0.162],[0,0]],"o":[[0,0],[-0.164,0.014],[0,0],[-0.014,-0.162],[0,0],[0.163,-0.014],[0,0],[0.014,0.163]],"v":[[7.181,-0.071],[-7.091,1.135],[-7.411,0.865],[-7.451,0.39],[-7.181,0.071],[7.091,-1.135],[7.411,-0.866],[7.451,-0.391]],"c":true},"ix":2},"nm":"Path 1","mn":"ADBE Vector Shape - Group","hd":false},{"ty":"fl","c":{"a":0,"k":[0.039000002543,0.039000002543,0.039000002543,1],"ix":4},"o":{"a":0,"k":100,"ix":5},"r":1,"bm":0,"nm":"Fill 1","mn":"ADBE Vector Graphic - Fill","hd":false},{"ty":"tr","p":{"a":0,"k":[114.081,103.568],"ix":2},"a":{"a":0,"k":[0,0],"ix":1},"s":{"a":0,"k":[138.158,137.082],"ix":3},"r":{"a":0,"k":-1.214,"ix":6},"o":{"a":0,"k":100,"ix":7},"sk":{"a":0,"k":0,"ix":4},"sa":{"a":0,"k":0,"ix":5},"nm":"Transform"}],"nm":"Group 1","np":2,"cix":2,"bm":0,"ix":1,"mn":"ADBE Vector Group","hd":false},{"ty":"gr","it":[{"ind":0,"ty":"sh","ix":1,"ks":{"a":0,"k":{"i":[[0.167,0],[0,0],[0.005,0.172],[0,0],[-0.166,-0.001],[0,0],[-0.005,-0.172],[0,0]],"o":[[0,0],[-0.167,0],[0,0],[-0.004,-0.172],[0,0],[0.167,0],[0,0],[0.005,0.172]],"v":[[7.158,0.652],[-7.479,0.623],[-7.79,0.311],[-7.802,-0.19],[-7.508,-0.499],[7.129,-0.471],[7.44,-0.159],[7.453,0.342]],"c":true},"ix":2},"nm":"Path 1","mn":"ADBE Vector Shape - Group","hd":false},{"ty":"fl","c":{"a":0,"k":[0.039000002543,0.039000002543,0.039000002543,1],"ix":4},"o":{"a":0,"k":100,"ix":5},"r":1,"bm":0,"nm":"Fill 1","mn":"ADBE Vector Graphic - Fill","hd":false},{"ty":"tr","p":{"a":0,"k":[113.729,99.402],"ix":2},"a":{"a":0,"k":[0,0],"ix":1},"s":{"a":0,"k":[128.79,100],"ix":3},"r":{"a":0,"k":-4.554,"ix":6},"o":{"a":0,"k":100,"ix":7},"sk":{"a":0,"k":0,"ix":4},"sa":{"a":0,"k":0,"ix":5},"nm":"Transform"}],"nm":"Group 2","np":2,"cix":2,"bm":0,"ix":2,"mn":"ADBE Vector Group","hd":false},{"ty":"gr","it":[{"ind":0,"ty":"sh","ix":1,"ks":{"a":0,"k":{"i":[[0,-2.168],[2.169,0],[0,2.168],[-2.168,0]],"o":[[0,2.168],[-2.168,0],[0,-2.168],[2.169,0]],"v":[[3.927,0],[-0.001,3.926],[-3.926,0],[-0.001,-3.926]],"c":true},"ix":2},"nm":"Path 1","mn":"ADBE Vector Shape - Group","hd":false},{"ty":"fl","c":{"a":0,"k":[0.984000052658,0.666999966491,0.224000010771,1],"ix":4},"o":{"a":0,"k":100,"ix":5},"r":1,"bm":0,"nm":"Fill 1","mn":"ADBE Vector Graphic - Fill","hd":false},{"ty":"tr","p":{"a":0,"k":[111.939,88.475],"ix":2},"a":{"a":0,"k":[0,0],"ix":1},"s":{"a":0,"k":[140.802,140.802],"ix":3},"r":{"a":0,"k":0,"ix":6},"o":{"a":0,"k":100,"ix":7},"sk":{"a":0,"k":0,"ix":4},"sa":{"a":0,"k":0,"ix":5},"nm":"Transform"}],"nm":"Group 3","np":2,"cix":2,"bm":0,"ix":3,"mn":"ADBE Vector Group","hd":false},{"ty":"gr","it":[{"ind":0,"ty":"sh","ix":1,"ks":{"a":0,"k":{"i":[[0,0],[0,0],[0,0],[0,0]],"o":[[0,0],[0,0],[0,0],[0,0]],"v":[[1.992,2.123],[-1.236,2.636],[-1.992,-2.123],[1.236,-2.636]],"c":true},"ix":2},"nm":"Path 1","mn":"ADBE Vector Shape - Group","hd":false},{"ty":"fl","c":{"a":0,"k":[1,1,1,1],"ix":4},"o":{"a":0,"k":100,"ix":5},"r":1,"bm":0,"nm":"Fill 1","mn":"ADBE Vector Graphic - Fill","hd":false},{"ty":"tr","p":{"a":0,"k":[111.205,77.184],"ix":2},"a":{"a":0,"k":[0,0],"ix":1},"s":{"a":0,"k":[100,100],"ix":3},"r":{"a":0,"k":0,"ix":6},"o":{"a":0,"k":100,"ix":7},"sk":{"a":0,"k":0,"ix":4},"sa":{"a":0,"k":0,"ix":5},"nm":"Transform"}],"nm":"Group 4","np":2,"cix":2,"bm":0,"ix":4,"mn":"ADBE Vector Group","hd":false},{"ty":"gr","it":[{"ind":0,"ty":"sh","ix":1,"ks":{"a":0,"k":{"i":[[0,0],[-21.442,-1.769],[0,0]],"o":[[0,0],[21.442,1.77],[0,0]],"v":[[-29.676,-21.792],[2.654,24.849],[29.675,-26.619]],"c":false},"ix":2},"nm":"Path 1","mn":"ADBE Vector Shape - Group","hd":false},{"ty":"st","c":{"a":0,"k":[1,1,1,1],"ix":3},"o":{"a":0,"k":100,"ix":4},"w":{"a":0,"k":1,"ix":5},"lc":1,"lj":1,"ml":10,"bm":0,"nm":"Stroke 1","mn":"ADBE Vector Graphic - Stroke","hd":false},{"ty":"tr","p":{"a":0,"k":[106.255,51.027],"ix":2},"a":{"a":0,"k":[0,0],"ix":1},"s":{"a":0,"k":[100,100],"ix":3},"r":{"a":0,"k":0,"ix":6},"o":{"a":0,"k":100,"ix":7},"sk":{"a":0,"k":0,"ix":4},"sa":{"a":0,"k":0,"ix":5},"nm":"Transform"}],"nm":"Group 5","np":2,"cix":2,"bm":0,"ix":5,"mn":"ADBE Vector Group","hd":false},{"ty":"gr","it":[{"ind":0,"ty":"sh","ix":1,"ks":{"a":0,"k":{"i":[[0,0],[0,0],[0,0],[0,0]],"o":[[0,0],[0,0],[0,0],[0,0]],"v":[[12.754,15.042],[-10.051,16.969],[-12.754,-15.043],[10.051,-16.969]],"c":true},"ix":2},"nm":"Path 1","mn":"ADBE Vector Shape - Group","hd":false},{"ty":"fl","c":{"a":0,"k":[1,1,1,1],"ix":4},"o":{"a":0,"k":100,"ix":5},"r":1,"bm":0,"nm":"Fill 1","mn":"ADBE Vector Graphic - Fill","hd":false},{"ty":"tr","p":{"a":0,"k":[113.056,97.025],"ix":2},"a":{"a":0,"k":[0,0],"ix":1},"s":{"a":0,"k":[115.979,116.81],"ix":3},"r":{"a":0,"k":0,"ix":6},"o":{"a":0,"k":100,"ix":7},"sk":{"a":0,"k":0,"ix":4},"sa":{"a":0,"k":0,"ix":5},"nm":"Transform"}],"nm":"Group 6","np":2,"cix":2,"bm":0,"ix":6,"mn":"ADBE Vector Group","hd":false},{"ty":"gr","it":[{"ind":0,"ty":"sh","ix":1,"ks":{"a":0,"k":{"i":[[2.518,-9.016],[0,0],[-4.749,-0.987],[0,0],[-1.701,2.287],[3.963,26.452],[0,0],[0,0]],"o":[[0,0],[-2.474,9.097],[0,0],[2.791,0.58],[5.692,-7.645],[0,0],[0,0],[-18.626,4.456]],"v":[[-3.926,-30.89],[-33.276,35.848],[-20.97,55.109],[-16.703,55.321],[-5.631,49.715],[33.365,-10.757],[34.547,-31.083],[26.11,-56.63]],"c":true},"ix":2},"nm":"Path 1","mn":"ADBE Vector Shape - Group","hd":false},{"ty":"fl","c":{"a":0,"k":[0.984000052658,0.337000020345,0.270999983245,1],"ix":4},"o":{"a":0,"k":100,"ix":5},"r":1,"bm":0,"nm":"Fill 1","mn":"ADBE Vector Graphic - Fill","hd":false},{"ty":"gr","it":[{"ind":0,"ty":"sh","ix":1,"ks":{"a":0,"k":{"i":[[2.518,-9.016],[0,0],[-10.699,-2.796],[0,0],[-5.01,5.821],[3.963,26.452],[0,0],[0,0]],"o":[[0,0],[-1.271,4.68],[0,0],[2.791,0.58],[6.218,-7.224],[0,0],[0,0],[-18.626,4.456]],"v":[[-6.982,-26.188],[-27.914,38.901],[-18.945,59.538],[-18.634,59.458],[-7.026,53.244],[26.511,-11.782],[34.547,-31.083],[26.11,-56.63]],"c":true},"ix":2},"nm":"Path 1","mn":"ADBE Vector Shape - Group","hd":false},{"ty":"fl","c":{"a":0,"k":[0.984000052658,0.337000020345,0.270999983245,1],"ix":4},"o":{"a":0,"k":100,"ix":5},"r":1,"bm":0,"nm":"Fill 1","mn":"ADBE Vector Graphic - Fill","hd":false},{"ty":"tr","p":{"a":0,"k":[127.547,-4.882],"ix":2},"a":{"a":0,"k":[0,0],"ix":1},"s":{"a":0,"k":[-111.855,104.591],"ix":3},"r":{"a":0,"k":0,"ix":6},"o":{"a":0,"k":100,"ix":7},"sk":{"a":0,"k":0,"ix":4},"sa":{"a":0,"k":0,"ix":5},"nm":"Transform"}],"nm":"Group 7","np":2,"cix":2,"bm":0,"ix":3,"mn":"ADBE Vector Group","hd":false},{"ty":"tr","p":{"a":0,"k":[105.902,46.384],"ix":2},"a":{"a":1,"k":[{"i":{"x":0.667,"y":1},"o":{"x":0.333,"y":0},"t":11,"s":[64.937,-42.152],"to":[0,0.667],"ti":[0,-0.667]},{"i":{"x":0.667,"y":0.667},"o":{"x":0.333,"y":0.333},"t":31,"s":[64.937,-38.152],"to":[0,0],"ti":[0,0]},{"i":{"x":0.667,"y":1},"o":{"x":0.333,"y":0},"t":130,"s":[64.937,-38.152],"to":[0,-0.667],"ti":[0,0.667]},{"t":145.000005905971,"s":[64.937,-42.152]}],"ix":1},"s":{"a":1,"k":[{"i":{"x":[0.667,0.667],"y":[1,1]},"o":{"x":[0.333,0.333],"y":[0,0]},"t":11,"s":[100,100]},{"i":{"x":[0.667,0.667],"y":[1,1]},"o":{"x":[0.167,0.167],"y":[0,0]},"t":31,"s":[106,100]},{"i":{"x":[0.833,0.833],"y":[1,1]},"o":{"x":[0.167,0.167],"y":[0,0]},"t":131,"s":[106,100]},{"t":145.000005905971,"s":[100,100]}],"ix":3},"r":{"a":0,"k":0,"ix":6},"o":{"a":0,"k":100,"ix":7},"sk":{"a":0,"k":0,"ix":4},"sa":{"a":0,"k":0,"ix":5},"nm":"Transform"}],"nm":"Group 7","np":3,"cix":2,"bm":0,"ix":7,"mn":"ADBE Vector Group","hd":false},{"ty":"gr","it":[{"ind":0,"ty":"sh","ix":1,"ks":{"a":0,"k":{"i":[[23.85,14.244],[0,0],[0,0],[0,0]],"o":[[0,0],[0,0],[0,0],[-21.288,17.847]],"v":[[-38.081,-1.664],[0.765,-12.581],[37.227,-7.167],[36.169,-6.519]],"c":true},"ix":2},"nm":"Path 1","mn":"ADBE Vector Shape - Group","hd":false},{"ty":"fl","c":{"a":0,"k":[0.948999980852,0.658999992819,0.556999954523,1],"ix":4},"o":{"a":0,"k":100,"ix":5},"r":1,"bm":0,"nm":"Fill 1","mn":"ADBE Vector Graphic - Fill","hd":false},{"ty":"tr","p":{"a":0,"k":[105.157,33.569],"ix":2},"a":{"a":0,"k":[0,0],"ix":1},"s":{"a":0,"k":[100,122.504],"ix":3},"r":{"a":0,"k":0,"ix":6},"o":{"a":0,"k":100,"ix":7},"sk":{"a":0,"k":0,"ix":4},"sa":{"a":0,"k":0,"ix":5},"nm":"Transform"}],"nm":"Group 8","np":2,"cix":2,"bm":0,"ix":8,"mn":"ADBE Vector Group","hd":false},{"ty":"gr","it":[{"ind":0,"ty":"sh","ix":1,"ks":{"a":0,"k":{"i":[[0,0],[0,0],[-3.387,-11.142],[0,0],[0,0],[0,0],[11.712,1.334]],"o":[[0,0],[-11.212,3.15],[0,0],[0,0],[0,0],[1.784,-11.652],[0,0]],"v":[[-1.035,-61.184],[-39.882,-50.266],[-56.69,-24.078],[-28.227,61.184],[41.045,57.953],[58.294,-33.367],[36.281,-56.934]],"c":true},"ix":2},"nm":"Path 1","mn":"ADBE Vector Shape - Group","hd":false},{"ty":"fl","c":{"a":0,"k":[0.984000052658,0.337000020345,0.270999983245,1],"ix":4},"o":{"a":0,"k":100,"ix":5},"r":1,"bm":0,"nm":"Fill 1","mn":"ADBE Vector Graphic - Fill","hd":false},{"ty":"tr","p":{"a":0,"k":[106.957,82.173],"ix":2},"a":{"a":0,"k":[0,0],"ix":1},"s":{"a":0,"k":[100,100],"ix":3},"r":{"a":0,"k":0,"ix":6},"o":{"a":0,"k":100,"ix":7},"sk":{"a":0,"k":0,"ix":4},"sa":{"a":0,"k":0,"ix":5},"nm":"Transform"}],"nm":"Group 9","np":2,"cix":2,"bm":0,"ix":9,"mn":"ADBE Vector Group","hd":false}],"ip":0,"op":160.000006516934,"st":0,"bm":0},{"ddd":0,"ind":15,"ty":4,"nm":"legs Outlines","hd":true,"sr":1,"ks":{"o":{"a":0,"k":100,"ix":11},"r":{"a":0,"k":0,"ix":10},"p":{"a":0,"k":[234,384,0],"ix":2,"l":2},"a":{"a":0,"k":[57.424,21.724,0],"ix":1,"l":2},"s":{"a":0,"k":[126.893,126.893,100],"ix":6,"l":2}},"ao":0,"shapes":[{"ty":"gr","it":[{"ind":0,"ty":"sh","ix":1,"ks":{"a":0,"k":{"i":[[0,0],[0,0],[0,0],[0,0]],"o":[[0,0],[0,0],[0,0],[0,0]],"v":[[8.184,6.495],[-8.184,6.495],[-6.319,-5.546],[6.592,-6.495]],"c":true},"ix":2},"nm":"Path 1","mn":"ADBE Vector Shape - Group","hd":false},{"ty":"fl","c":{"a":0,"k":[0.039000002543,0.039000002543,0.039000002543,1],"ix":4},"o":{"a":0,"k":100,"ix":5},"r":1,"bm":0,"nm":"Fill 1","mn":"ADBE Vector Graphic - Fill","hd":false},{"ty":"tr","p":{"a":0,"k":[80.156,288.505],"ix":2},"a":{"a":0,"k":[0,0],"ix":1},"s":{"a":0,"k":[100,100],"ix":3},"r":{"a":0,"k":0,"ix":6},"o":{"a":0,"k":100,"ix":7},"sk":{"a":0,"k":0,"ix":4},"sa":{"a":0,"k":0,"ix":5},"nm":"Transform"}],"nm":"Group 1","np":2,"cix":2,"bm":0,"ix":1,"mn":"ADBE Vector Group","hd":false},{"ty":"gr","it":[{"ind":0,"ty":"sh","ix":1,"ks":{"a":0,"k":{"i":[[0,0],[0,0],[0,0],[0,0]],"o":[[0,0],[0,0],[0,0],[0,0]],"v":[[8.184,6.495],[-8.184,6.495],[-6.318,-5.546],[6.592,-6.495]],"c":true},"ix":2},"nm":"Path 1","mn":"ADBE Vector Shape - Group","hd":false},{"ty":"fl","c":{"a":0,"k":[0.039000002543,0.039000002543,0.039000002543,1],"ix":4},"o":{"a":0,"k":100,"ix":5},"r":1,"bm":0,"nm":"Fill 1","mn":"ADBE Vector Graphic - Fill","hd":false},{"ty":"tr","p":{"a":0,"k":[42.934,288.505],"ix":2},"a":{"a":0,"k":[0,0],"ix":1},"s":{"a":0,"k":[100,100],"ix":3},"r":{"a":0,"k":0,"ix":6},"o":{"a":0,"k":100,"ix":7},"sk":{"a":0,"k":0,"ix":4},"sa":{"a":0,"k":0,"ix":5},"nm":"Transform"}],"nm":"Group 2","np":2,"cix":2,"bm":0,"ix":2,"mn":"ADBE Vector Group","hd":false},{"ty":"gr","it":[{"ind":0,"ty":"sh","ix":1,"ks":{"a":0,"k":{"i":[[0,-5.254],[6.754,0],[0,5.254],[-6.755,0]],"o":[[0,5.254],[-6.755,0],[0,-5.254],[6.754,0]],"v":[[12.232,2.129],[0.001,6.802],[-12.232,2.129],[0.001,-7.384]],"c":true},"ix":2},"nm":"Path 1","mn":"ADBE Vector Shape - Group","hd":false},{"ty":"fl","c":{"a":0,"k":[0.039000002543,0.039000002543,0.039000002543,1],"ix":4},"o":{"a":0,"k":100,"ix":5},"r":1,"bm":0,"nm":"Fill 1","mn":"ADBE Vector Graphic - Fill","hd":false},{"ty":"tr","p":{"a":0,"k":[79.414,295.28],"ix":2},"a":{"a":0,"k":[0,0],"ix":1},"s":{"a":0,"k":[100,100],"ix":3},"r":{"a":0,"k":0,"ix":6},"o":{"a":0,"k":100,"ix":7},"sk":{"a":0,"k":0,"ix":4},"sa":{"a":0,"k":0,"ix":5},"nm":"Transform"}],"nm":"Group 3","np":2,"cix":2,"bm":0,"ix":3,"mn":"ADBE Vector Group","hd":false},{"ty":"gr","it":[{"ind":0,"ty":"sh","ix":1,"ks":{"a":0,"k":{"i":[[0,-5.254],[6.755,0],[0,5.254],[-6.755,0]],"o":[[0,5.254],[-6.755,0],[0,-5.254],[6.755,0]],"v":[[12.231,2.13],[0,6.802],[-12.231,2.13],[0,-7.384]],"c":true},"ix":2},"nm":"Path 1","mn":"ADBE Vector Shape - Group","hd":false},{"ty":"fl","c":{"a":0,"k":[0.039000002543,0.039000002543,0.039000002543,1],"ix":4},"o":{"a":0,"k":100,"ix":5},"r":1,"bm":0,"nm":"Fill 1","mn":"ADBE Vector Graphic - Fill","hd":false},{"ty":"tr","p":{"a":0,"k":[43.393,296.481],"ix":2},"a":{"a":0,"k":[0,0],"ix":1},"s":{"a":0,"k":[100,100],"ix":3},"r":{"a":0,"k":0,"ix":6},"o":{"a":0,"k":100,"ix":7},"sk":{"a":0,"k":0,"ix":4},"sa":{"a":0,"k":0,"ix":5},"nm":"Transform"}],"nm":"Group 4","np":2,"cix":2,"bm":0,"ix":4,"mn":"ADBE Vector Group","hd":false},{"ty":"gr","it":[{"ind":0,"ty":"sh","ix":1,"ks":{"a":0,"k":{"i":[[0,0],[0.574,-33.182],[0,0],[0,0],[0,0],[0,0],[0,0],[0,0],[0,0],[-0.008,1.26],[-22.172,18.943]],"o":[[0,0],[-0.574,33.182],[0,0],[0,0],[0,0],[0,0],[0,0],[0,0],[-0.125,-1.255],[0.159,-26.24],[0,0]],"v":[[21.989,-127.72],[42.6,-64.186],[32.695,126.414],[7.478,126.414],[1.896,-79.285],[-1.432,-79.488],[-4.936,126.414],[-24.346,127.72],[-42.984,-60.379],[-43.165,-64.159],[-17.165,-126]],"c":true},"ix":2},"nm":"Path 1","mn":"ADBE Vector Shape - Group","hd":false},{"ty":"fl","c":{"a":0,"k":[0.984000052658,0.666999966491,0.224000010771,1],"ix":4},"o":{"a":0,"k":100,"ix":5},"r":1,"bm":0,"nm":"Fill 1","mn":"ADBE Vector Graphic - Fill","hd":false},{"ty":"tr","p":{"a":0,"k":[59.007,148.363],"ix":2},"a":{"a":0,"k":[0,0],"ix":1},"s":{"a":0,"k":[100,100],"ix":3},"r":{"a":0,"k":0,"ix":6},"o":{"a":0,"k":100,"ix":7},"sk":{"a":0,"k":0,"ix":4},"sa":{"a":0,"k":0,"ix":5},"nm":"Transform"}],"nm":"Group 5","np":2,"cix":2,"bm":0,"ix":5,"mn":"ADBE Vector Group","hd":false},{"ty":"gr","it":[{"ind":0,"ty":"sh","ix":1,"ks":{"a":0,"k":{"i":[[0,0],[0,0],[0,0],[0,0]],"o":[[0,0],[0,0],[0,0],[0,0]],"v":[[6.696,24.832],[7.387,-30.754],[-7.387,-25.919],[-4.061,30.754]],"c":true},"ix":2},"nm":"Path 1","mn":"ADBE Vector Shape - Group","hd":false},{"ty":"fl","c":{"a":0,"k":[0.980000035903,0.689999988032,0.57599995931,1],"ix":4},"o":{"a":0,"k":100,"ix":5},"r":1,"bm":0,"nm":"Fill 1","mn":"ADBE Vector Graphic - Fill","hd":false},{"ty":"tr","p":{"a":0,"k":[42.138,269.081],"ix":2},"a":{"a":0,"k":[0,0],"ix":1},"s":{"a":0,"k":[100,100],"ix":3},"r":{"a":0,"k":0,"ix":6},"o":{"a":0,"k":100,"ix":7},"sk":{"a":0,"k":0,"ix":4},"sa":{"a":0,"k":0,"ix":5},"nm":"Transform"}],"nm":"Group 6","np":2,"cix":2,"bm":0,"ix":6,"mn":"ADBE Vector Group","hd":false},{"ty":"gr","it":[{"ind":0,"ty":"sh","ix":1,"ks":{"a":0,"k":{"i":[[0,0],[0,0],[0,0],[0,0]],"o":[[0,0],[0,0],[0,0],[0,0]],"v":[[-7.469,20.99],[-6.538,-27.675],[7.469,-26.65],[5.068,27.674]],"c":true},"ix":2},"nm":"Path 1","mn":"ADBE Vector Shape - Group","hd":false},{"ty":"fl","c":{"a":0,"k":[0.980000035903,0.689999988032,0.57599995931,1],"ix":4},"o":{"a":0,"k":100,"ix":5},"r":1,"bm":0,"nm":"Fill 1","mn":"ADBE Vector Graphic - Fill","hd":false},{"ty":"tr","p":{"a":0,"k":[81.395,268.526],"ix":2},"a":{"a":0,"k":[0,0],"ix":1},"s":{"a":0,"k":[100,100],"ix":3},"r":{"a":0,"k":0,"ix":6},"o":{"a":0,"k":100,"ix":7},"sk":{"a":0,"k":0,"ix":4},"sa":{"a":0,"k":0,"ix":5},"nm":"Transform"}],"nm":"Group 7","np":2,"cix":2,"bm":0,"ix":7,"mn":"ADBE Vector Group","hd":false}],"ip":0,"op":160.000006516934,"st":0,"bm":0},{"ddd":0,"ind":16,"ty":4,"nm":"folder hand Outlines","parent":14,"hd":true,"sr":1,"ks":{"o":{"a":0,"k":100,"ix":11},"r":{"a":1,"k":[{"i":{"x":[0.833],"y":[0.986]},"o":{"x":[0.167],"y":[0.167]},"t":16,"s":[0]},{"i":{"x":[0.833],"y":[1]},"o":{"x":[0.167],"y":[-0.008]},"t":40,"s":[8]},{"i":{"x":[0.833],"y":[0.928]},"o":{"x":[0.167],"y":[0]},"t":52,"s":[1]},{"i":{"x":[0.833],"y":[1.53]},"o":{"x":[0.167],"y":[0.663]},"t":74,"s":[8]},{"i":{"x":[0.833],"y":[0.833]},"o":{"x":[0.167],"y":[0.1]},"t":103,"s":[8]},{"t":147.000005987433,"s":[0]}],"ix":10},"p":{"a":0,"k":[150.13,37.588,0],"ix":2,"l":2},"a":{"a":0,"k":[12.5,11,0],"ix":1,"l":2},"s":{"a":0,"k":[134.522,134.522,100],"ix":6,"l":2}},"ao":0,"shapes":[{"ty":"gr","it":[{"ind":0,"ty":"sh","ix":1,"ks":{"a":0,"k":{"i":[[-2.352,-5.767],[0,0],[3.063,-1.014],[0,0],[1.299,1.381],[-0.604,17.786],[0,0],[0,0]],"o":[[0,0],[1.197,2.997],[0,0],[-1.801,0.596],[-4.345,-4.62],[0,0],[0,0],[12.652,1.526]],"v":[[-0.119,-18.833],[24.368,23.044],[20.926,30.441],[9.123,34.352],[4.042,33.079],[-18.782,-3.882],[-25.565,-16.028],[-24.259,-34.947]],"c":true},"ix":2},"nm":"Path 1","mn":"ADBE Vector Shape - Group","hd":false},{"ty":"fl","c":{"a":0,"k":[0.984000052658,0.337000020345,0.270999983245,1],"ix":4},"o":{"a":0,"k":100,"ix":5},"r":1,"bm":0,"nm":"Fill 1","mn":"ADBE Vector Graphic - Fill","hd":false},{"ty":"tr","p":{"a":0,"k":[35.457,41.826],"ix":2},"a":{"a":0,"k":[0,0],"ix":1},"s":{"a":0,"k":[100,100],"ix":3},"r":{"a":0,"k":0,"ix":6},"o":{"a":0,"k":100,"ix":7},"sk":{"a":0,"k":0,"ix":4},"sa":{"a":0,"k":0,"ix":5},"nm":"Transform"}],"nm":"Group 1","np":2,"cix":2,"bm":0,"ix":1,"mn":"ADBE Vector Group","hd":false},{"ty":"gr","it":[{"ind":0,"ty":"sh","ix":1,"ks":{"a":0,"k":{"i":[[0,0],[0,0],[0,0],[-2.642,-8.534],[0,0],[-1.151,-0.528],[-0.544,1.317],[0,0],[0,0]],"o":[[0,0],[0,0],[0,0],[0,0],[-0.303,1.294],[1.245,0.57],[0,0],[0,0],[0,0]],"v":[[7.505,7.126],[3.592,-14.458],[-3.225,-12.862],[-4.863,2.372],[-6.816,10.711],[-5.338,13.888],[-2.126,12.548],[-0.178,7.837],[0.199,8.559]],"c":false},"ix":2},"nm":"Path 1","mn":"ADBE Vector Shape - Group","hd":false},{"ty":"fl","c":{"a":0,"k":[0.948999980852,0.658999992819,0.556999954523,1],"ix":4},"o":{"a":0,"k":100,"ix":5},"r":1,"bm":0,"nm":"Fill 1","mn":"ADBE Vector Graphic - Fill","hd":false},{"ty":"tr","p":{"a":0,"k":[60.499,142.234],"ix":2},"a":{"a":0,"k":[0,0],"ix":1},"s":{"a":0,"k":[100,100],"ix":3},"r":{"a":0,"k":0,"ix":6},"o":{"a":0,"k":100,"ix":7},"sk":{"a":0,"k":0,"ix":4},"sa":{"a":0,"k":0,"ix":5},"nm":"Transform"}],"nm":"Group 2","np":2,"cix":2,"bm":0,"ix":2,"mn":"ADBE Vector Group","hd":false},{"ty":"gr","it":[{"ind":0,"ty":"sh","ix":1,"ks":{"a":0,"k":{"i":[[-0.453,-2.311],[0,0],[2.311,-0.454],[0,0],[0.453,2.31],[0,0],[-2.311,0.454],[0,0]],"o":[[0,0],[0.453,2.31],[0,0],[-2.311,0.453],[0,0],[-0.454,-2.311],[0,0],[2.31,-0.453]],"v":[[27.129,-6.194],[27.459,-4.514],[24.095,0.491],[-22.124,9.556],[-27.129,6.193],[-27.458,4.513],[-24.095,-0.492],[22.125,-9.557]],"c":true},"ix":2},"nm":"Path 1","mn":"ADBE Vector Shape - Group","hd":false},{"ty":"fl","c":{"a":0,"k":[0.819999964097,0.411999990426,0.536999990426,1],"ix":4},"o":{"a":0,"k":100,"ix":5},"r":1,"bm":0,"nm":"Fill 1","mn":"ADBE Vector Graphic - Fill","hd":false},{"ty":"tr","p":{"a":0,"k":[72.41,196.175],"ix":2},"a":{"a":0,"k":[0,0],"ix":1},"s":{"a":0,"k":[100,100],"ix":3},"r":{"a":0,"k":0,"ix":6},"o":{"a":0,"k":100,"ix":7},"sk":{"a":0,"k":0,"ix":4},"sa":{"a":0,"k":0,"ix":5},"nm":"Transform"}],"nm":"Group 3","np":2,"cix":2,"bm":0,"ix":3,"mn":"ADBE Vector Group","hd":false},{"ty":"gr","it":[{"ind":0,"ty":"sh","ix":1,"ks":{"a":0,"k":{"i":[[0,0],[0,0],[0,0],[0,0]],"o":[[0,0],[0,0],[0,0],[0,0]],"v":[[14.155,-28.674],[35.72,18.889],[-14.155,28.673],[-35.72,-18.891]],"c":true},"ix":2},"nm":"Path 1","mn":"ADBE Vector Shape - Group","hd":false},{"ty":"fl","c":{"a":0,"k":[0.984000052658,0.501999978458,0.635000011968,1],"ix":4},"o":{"a":0,"k":100,"ix":5},"r":1,"bm":0,"nm":"Fill 1","mn":"ADBE Vector Graphic - Fill","hd":false},{"ty":"tr","p":{"a":0,"k":[62.404,176.355],"ix":2},"a":{"a":0,"k":[0,0],"ix":1},"s":{"a":0,"k":[100,100],"ix":3},"r":{"a":0,"k":0,"ix":6},"o":{"a":0,"k":100,"ix":7},"sk":{"a":0,"k":0,"ix":4},"sa":{"a":0,"k":0,"ix":5},"nm":"Transform"}],"nm":"Group 4","np":2,"cix":2,"bm":0,"ix":4,"mn":"ADBE Vector Group","hd":false},{"ty":"gr","it":[{"ind":0,"ty":"sh","ix":1,"ks":{"a":0,"k":{"i":[[0,0],[0,0],[0,0],[0,0]],"o":[[0,0],[0,0],[0,0],[0,0]],"v":[[24.17,-30.637],[25.705,20.854],[-24.17,30.637],[-25.705,-20.855]],"c":true},"ix":2},"nm":"Path 1","mn":"ADBE Vector Shape - Group","hd":false},{"ty":"fl","c":{"a":0,"k":[0.984000052658,0.501999978458,0.635000011968,1],"ix":4},"o":{"a":0,"k":100,"ix":5},"r":1,"bm":0,"nm":"Fill 1","mn":"ADBE Vector Graphic - Fill","hd":false},{"ty":"tr","p":{"a":0,"k":[72.445,218.192],"ix":2},"a":{"a":0,"k":[0,0],"ix":1},"s":{"a":0,"k":[100,100],"ix":3},"r":{"a":0,"k":0,"ix":6},"o":{"a":0,"k":100,"ix":7},"sk":{"a":0,"k":0,"ix":4},"sa":{"a":0,"k":0,"ix":5},"nm":"Transform"}],"nm":"Group 5","np":2,"cix":2,"bm":0,"ix":5,"mn":"ADBE Vector Group","hd":false},{"ty":"gr","it":[{"ind":0,"ty":"sh","ix":1,"ks":{"a":0,"k":{"i":[[0,0],[-2.642,-8.533],[0,0],[-1.151,-0.527],[-0.544,1.318],[0,0],[0,0],[1.384,-2.432],[0,0],[-0.43,-0.815],[-1.04,1.388],[0,0],[0.688,4.141],[0,0]],"o":[[0,0],[0,0],[-0.303,1.294],[1.245,0.57],[0,0],[0,0],[0.327,2.862],[0,0],[-0.449,0.788],[0.832,1.579],[0,0],[2.419,-3.233],[0,0],[0,0]],"v":[[-3.462,-20.193],[-5.1,-4.959],[-7.053,3.38],[-5.575,6.557],[-2.364,5.217],[-0.415,0.506],[-0.21,2.309],[-1.842,10.484],[-5.782,17.406],[-5.812,20.006],[-1.913,20.401],[4.33,12.061],[7.054,0.46],[3.355,-21.789]],"c":true},"ix":2},"nm":"Path 1","mn":"ADBE Vector Shape - Group","hd":false},{"ty":"fl","c":{"a":0,"k":[0.948999980852,0.658999992819,0.556999954523,1],"ix":4},"o":{"a":0,"k":100,"ix":5},"r":1,"bm":0,"nm":"Fill 1","mn":"ADBE Vector Graphic - Fill","hd":false},{"ty":"tr","p":{"a":0,"k":[60.736,149.565],"ix":2},"a":{"a":0,"k":[0,0],"ix":1},"s":{"a":0,"k":[100,100],"ix":3},"r":{"a":0,"k":0,"ix":6},"o":{"a":0,"k":100,"ix":7},"sk":{"a":0,"k":0,"ix":4},"sa":{"a":0,"k":0,"ix":5},"nm":"Transform"}],"nm":"Group 6","np":2,"cix":2,"bm":0,"ix":6,"mn":"ADBE Vector Group","hd":false},{"ty":"gr","it":[{"ind":0,"ty":"sh","ix":1,"ks":{"a":0,"k":{"i":[[-0.776,-3.709],[0,0],[0,0],[3.223,25.294],[3.958,-0.832]],"o":[[0,0],[0,0],[0,0],[-0.512,-4.013],[-3.709,0.78]],"v":[[-10.53,-25.718],[2.622,35.429],[11.306,34.981],[5.302,-28.142],[-4.34,-34.597]],"c":true},"ix":2},"nm":"Path 1","mn":"ADBE Vector Shape - Group","hd":false},{"ty":"fl","c":{"a":0,"k":[0.948999980852,0.658999992819,0.556999954523,1],"ix":4},"o":{"a":0,"k":100,"ix":5},"r":1,"bm":0,"nm":"Fill 1","mn":"ADBE Vector Graphic - Fill","hd":false},{"ty":"tr","p":{"a":0,"k":[53.647,97.981],"ix":2},"a":{"a":0,"k":[0,0],"ix":1},"s":{"a":0,"k":[100,100],"ix":3},"r":{"a":0,"k":0,"ix":6},"o":{"a":0,"k":100,"ix":7},"sk":{"a":0,"k":0,"ix":4},"sa":{"a":0,"k":0,"ix":5},"nm":"Transform"}],"nm":"Group 7","np":2,"cix":2,"bm":0,"ix":7,"mn":"ADBE Vector Group","hd":false}],"ip":0,"op":160.000006516934,"st":0,"bm":0},{"ddd":0,"ind":17,"ty":4,"nm":"head Outlines","parent":14,"sr":1,"ks":{"o":{"a":0,"k":100,"ix":11},"r":{"a":1,"k":[{"i":{"x":[0.667],"y":[1]},"o":{"x":[0.333],"y":[0]},"t":0,"s":[5]},{"i":{"x":[0.667],"y":[1]},"o":{"x":[0.333],"y":[0]},"t":28,"s":[-2]},{"i":{"x":[0.667],"y":[1]},"o":{"x":[0.333],"y":[0]},"t":51,"s":[11.277]},{"i":{"x":[0.667],"y":[1]},"o":{"x":[0.333],"y":[0]},"t":75,"s":[5]},{"i":{"x":[0.667],"y":[1]},"o":{"x":[0.333],"y":[0]},"t":102,"s":[5]},{"i":{"x":[0.667],"y":[1]},"o":{"x":[0.333],"y":[0]},"t":120,"s":[-2]},{"i":{"x":[0.667],"y":[1]},"o":{"x":[0.333],"y":[0]},"t":143,"s":[11.277]},{"t":159.000006476203,"s":[5]}],"ix":10},"p":{"a":0,"k":[103.421,30.753,0],"ix":2,"l":2},"a":{"a":0,"k":[93.646,180.966,0],"ix":1,"l":2},"s":{"a":0,"k":[77.198,77.198,100],"ix":6,"l":2}},"ao":0,"shapes":[{"ty":"gr","it":[{"ind":0,"ty":"sh","ix":1,"ks":{"a":0,"k":{"i":[[-3.148,-30.415],[1.989,23.56]],"o":[[0,0],[0,0]],"v":[[-9.514,17.561],[10.673,-17.561]],"c":true},"ix":2},"nm":"Path 1","mn":"ADBE Vector Shape - Group","hd":false},{"ty":"fl","c":{"a":0,"k":[0.039000002543,0.039000002543,0.039000002543,1],"ix":4},"o":{"a":0,"k":100,"ix":5},"r":1,"bm":0,"nm":"Fill 1","mn":"ADBE Vector Graphic - Fill","hd":false},{"ty":"tr","p":{"a":0,"k":[53.143,44.064],"ix":2},"a":{"a":0,"k":[0,0],"ix":1},"s":{"a":0,"k":[100,100],"ix":3},"r":{"a":0,"k":0,"ix":6},"o":{"a":0,"k":100,"ix":7},"sk":{"a":0,"k":0,"ix":4},"sa":{"a":0,"k":0,"ix":5},"nm":"Transform"}],"nm":"Group 1","np":2,"cix":2,"bm":0,"ix":1,"mn":"ADBE Vector Group","hd":false},{"ty":"gr","it":[{"ind":0,"ty":"sh","ix":1,"ks":{"a":0,"k":{"i":[[-10.049,-51.606],[0.48,38.607]],"o":[[0,0],[0,0]],"v":[[32.854,21.814],[-32.854,-8.815]],"c":true},"ix":2},"nm":"Path 1","mn":"ADBE Vector Shape - Group","hd":false},{"ty":"fl","c":{"a":0,"k":[0.039000002543,0.039000002543,0.039000002543,1],"ix":4},"o":{"a":0,"k":100,"ix":5},"r":1,"bm":0,"nm":"Fill 1","mn":"ADBE Vector Graphic - Fill","hd":false},{"ty":"tr","p":{"a":0,"k":[94.179,32.736],"ix":2},"a":{"a":0,"k":[0,0],"ix":1},"s":{"a":0,"k":[100,100],"ix":3},"r":{"a":0,"k":0,"ix":6},"o":{"a":0,"k":100,"ix":7},"sk":{"a":0,"k":0,"ix":4},"sa":{"a":0,"k":0,"ix":5},"nm":"Transform"}],"nm":"Group 2","np":2,"cix":2,"bm":0,"ix":2,"mn":"ADBE Vector Group","hd":false},{"ty":"gr","it":[{"ind":0,"ty":"sh","ix":1,"ks":{"a":0,"k":{"i":[[0,0],[0,0],[-9.588,-0.185]],"o":[[0,0],[0,0],[9.811,0.19]],"v":[[11.843,3.202],[-11.843,3.067],[-0.665,-3.016]],"c":true},"ix":2},"nm":"Path 1","mn":"ADBE Vector Shape - Group","hd":false},{"ty":"fl","c":{"a":0,"k":[0,0,0,1],"ix":4},"o":{"a":0,"k":100,"ix":5},"r":1,"bm":0,"nm":"Fill 1","mn":"ADBE Vector Graphic - Fill","hd":false},{"ty":"tr","p":{"a":0,"k":[105.636,61.899],"ix":2},"a":{"a":0,"k":[0,0],"ix":1},"s":{"a":0,"k":[100,100],"ix":3},"r":{"a":0,"k":0,"ix":6},"o":{"a":0,"k":100,"ix":7},"sk":{"a":0,"k":0,"ix":4},"sa":{"a":0,"k":0,"ix":5},"nm":"Transform"}],"nm":"Group 3","np":2,"cix":2,"bm":0,"ix":3,"mn":"ADBE Vector Group","hd":false},{"ty":"gr","it":[{"ind":0,"ty":"sh","ix":1,"ks":{"a":0,"k":{"i":[[0,0],[0,0],[9.42,-1.79]],"o":[[0,0],[0,0],[-9.64,1.833]],"v":[[-11.665,5.009],[11.665,0.905],[-0.376,-3.219]],"c":true},"ix":2},"nm":"Path 1","mn":"ADBE Vector Shape - Group","hd":false},{"ty":"fl","c":{"a":0,"k":[0,0,0,1],"ix":4},"o":{"a":0,"k":100,"ix":5},"r":1,"bm":0,"nm":"Fill 1","mn":"ADBE Vector Graphic - Fill","hd":false},{"ty":"tr","p":{"a":0,"k":[64.525,65.548],"ix":2},"a":{"a":0,"k":[0,0],"ix":1},"s":{"a":0,"k":[100,100],"ix":3},"r":{"a":0,"k":0,"ix":6},"o":{"a":0,"k":100,"ix":7},"sk":{"a":0,"k":0,"ix":4},"sa":{"a":0,"k":0,"ix":5},"nm":"Transform"}],"nm":"Group 4","np":2,"cix":2,"bm":0,"ix":4,"mn":"ADBE Vector Group","hd":false},{"ty":"gr","it":[{"ind":0,"ty":"sh","ix":1,"ks":{"a":0,"k":{"i":[[0,0],[0,0],[0,0]],"o":[[0,0],[0,0],[0,0]],"v":[[-2.451,-3.191],[-1.912,3.191],[2.451,2.823]],"c":false},"ix":2},"nm":"Path 1","mn":"ADBE Vector Shape - Group","hd":false},{"ty":"st","c":{"a":0,"k":[0.816000007181,0.388000009574,0.368999974868,1],"ix":3},"o":{"a":0,"k":100,"ix":4},"w":{"a":0,"k":0.661,"ix":5},"lc":2,"lj":2,"bm":0,"nm":"Stroke 1","mn":"ADBE Vector Graphic - Stroke","hd":false},{"ty":"tr","p":{"a":0,"k":[87.446,94.144],"ix":2},"a":{"a":0,"k":[0,0],"ix":1},"s":{"a":0,"k":[100,100],"ix":3},"r":{"a":0,"k":0,"ix":6},"o":{"a":0,"k":100,"ix":7},"sk":{"a":0,"k":0,"ix":4},"sa":{"a":0,"k":0,"ix":5},"nm":"Transform"}],"nm":"Group 5","np":2,"cix":2,"bm":0,"ix":5,"mn":"ADBE Vector Group","hd":false},{"ty":"gr","it":[{"ind":0,"ty":"sh","ix":1,"ks":{"a":0,"k":{"i":[[0,0],[1.537,-10.217],[8.977,-6.355],[0,0],[10.676,4.703],[3.152,10.306],[0,0],[-44.509,3.178]],"o":[[1.462,16.325],[-1.505,10.002],[0,0],[-9.498,6.723],[-10.767,-4.744],[-5.731,-18.746],[0,0],[44.509,-3.178]],"v":[[44.055,-15.478],[42.805,25.37],[26.234,49.168],[24.6,50.325],[-8.508,53.64],[-30.279,31.767],[-38.344,-8.1],[-1.008,-55.165]],"c":true},"ix":2},"nm":"Path 1","mn":"ADBE Vector Shape - Group","hd":false},{"ty":"fl","c":{"a":0,"k":[0.948999980852,0.658999992819,0.556999954523,1],"ix":4},"o":{"a":0,"k":100,"ix":5},"r":1,"bm":0,"nm":"Fill 1","mn":"ADBE Vector Graphic - Fill","hd":false},{"ty":"tr","p":{"a":0,"k":[83.826,80.068],"ix":2},"a":{"a":0,"k":[0,0],"ix":1},"s":{"a":0,"k":[100,100],"ix":3},"r":{"a":0,"k":0,"ix":6},"o":{"a":0,"k":100,"ix":7},"sk":{"a":0,"k":0,"ix":4},"sa":{"a":0,"k":0,"ix":5},"nm":"Transform"}],"nm":"Group 6","np":2,"cix":2,"bm":0,"ix":6,"mn":"ADBE Vector Group","hd":false},{"ty":"gr","it":[{"ind":0,"ty":"sh","ix":1,"ks":{"a":0,"k":{"i":[[0,0],[-14.925,1.547],[0,0]],"o":[[0,0],[12.269,-1.272],[0,0]],"v":[[-19.574,-13.238],[6.18,13.542],[19.574,-15.09]],"c":true},"ix":2},"nm":"Path 1","mn":"ADBE Vector Shape - Group","hd":false},{"ty":"fl","c":{"a":0,"k":[1,0.592000026329,0.455000005984,1],"ix":4},"o":{"a":0,"k":100,"ix":5},"r":1,"bm":0,"nm":"Fill 1","mn":"ADBE Vector Graphic - Fill","hd":false},{"ty":"tr","p":{"a":0,"k":[89.592,134.032],"ix":2},"a":{"a":0,"k":[0,0],"ix":1},"s":{"a":0,"k":[100,100],"ix":3},"r":{"a":0,"k":0,"ix":6},"o":{"a":0,"k":100,"ix":7},"sk":{"a":0,"k":0,"ix":4},"sa":{"a":0,"k":0,"ix":5},"nm":"Transform"}],"nm":"Group 7","np":2,"cix":2,"bm":0,"ix":7,"mn":"ADBE Vector Group","hd":false},{"ty":"gr","it":[{"ind":0,"ty":"sh","ix":1,"ks":{"a":0,"k":{"i":[[0,0],[5.831,-1.976],[0.079,0.048],[0,0],[0,0],[0,0],[-9.3,11.515],[0,0]],"o":[[0,0],[-5.831,1.976],[-0.078,-0.049],[0,0],[0,0],[11.031,10.01],[0,0],[0,0]],"v":[[12.09,-31.247],[0.234,-22.723],[-11.853,-24.816],[-19.256,-29.449],[-17.851,20.473],[-17.01,21.238],[17.896,18.654],[19.255,16.969]],"c":true},"ix":2},"nm":"Path 1","mn":"ADBE Vector Shape - Group","hd":false},{"ty":"fl","c":{"a":0,"k":[0.948999980852,0.658999992819,0.556999954523,1],"ix":4},"o":{"a":0,"k":100,"ix":5},"r":1,"bm":0,"nm":"Fill 1","mn":"ADBE Vector Graphic - Fill","hd":false},{"ty":"tr","p":{"a":0,"k":[94.531,156.411],"ix":2},"a":{"a":0,"k":[0,0],"ix":1},"s":{"a":0,"k":[100,100],"ix":3},"r":{"a":0,"k":0,"ix":6},"o":{"a":0,"k":100,"ix":7},"sk":{"a":0,"k":0,"ix":4},"sa":{"a":0,"k":0,"ix":5},"nm":"Transform"}],"nm":"Group 8","np":2,"cix":2,"bm":0,"ix":8,"mn":"ADBE Vector Group","hd":false},{"ty":"gr","it":[{"ind":0,"ty":"sh","ix":1,"ks":{"a":0,"k":{"i":[[-2.261,-26.769],[28.679,-2.422],[2.26,26.769],[-28.678,2.421]],"o":[[2.261,26.769],[-28.679,2.421],[-2.261,-26.769],[28.679,-2.422]],"v":[[51.928,-4.385],[4.092,48.469],[-51.928,4.385],[-4.094,-48.469]],"c":true},"ix":2},"nm":"Path 1","mn":"ADBE Vector Shape - Group","hd":false},{"ty":"fl","c":{"a":0,"k":[0.039000002543,0.039000002543,0.039000002543,1],"ix":4},"o":{"a":0,"k":100,"ix":5},"r":1,"bm":0,"nm":"Fill 1","mn":"ADBE Vector Graphic - Fill","hd":false},{"ty":"tr","p":{"a":0,"k":[85.987,59.576],"ix":2},"a":{"a":0,"k":[0,0],"ix":1},"s":{"a":0,"k":[100,100],"ix":3},"r":{"a":0,"k":0,"ix":6},"o":{"a":0,"k":100,"ix":7},"sk":{"a":0,"k":0,"ix":4},"sa":{"a":0,"k":0,"ix":5},"nm":"Transform"}],"nm":"Group 9","np":2,"cix":2,"bm":0,"ix":9,"mn":"ADBE Vector Group","hd":false},{"ty":"gr","it":[{"ind":0,"ty":"sh","ix":1,"ks":{"a":0,"k":{"i":[[0,0],[4.531,-11.045]],"o":[[0,0],[0,0]],"v":[[5.423,-3.284],[-5.423,5.523]],"c":false},"ix":2},"nm":"Path 1","mn":"ADBE Vector Shape - Group","hd":false},{"ty":"st","c":{"a":0,"k":[0.816000007181,0.388000009574,0.368999974868,1],"ix":3},"o":{"a":0,"k":100,"ix":4},"w":{"a":0,"k":0.661,"ix":5},"lc":2,"lj":2,"bm":0,"nm":"Stroke 1","mn":"ADBE Vector Graphic - Stroke","hd":false},{"ty":"tr","p":{"a":0,"k":[135.049,92.859],"ix":2},"a":{"a":0,"k":[0,0],"ix":1},"s":{"a":0,"k":[100,100],"ix":3},"r":{"a":0,"k":0,"ix":6},"o":{"a":0,"k":100,"ix":7},"sk":{"a":0,"k":0,"ix":4},"sa":{"a":0,"k":0,"ix":5},"nm":"Transform"}],"nm":"Group 10","np":2,"cix":2,"bm":0,"ix":10,"mn":"ADBE Vector Group","hd":false},{"ty":"gr","it":[{"ind":0,"ty":"sh","ix":1,"ks":{"a":0,"k":{"i":[[-0.704,-8.338],[-8.338,0.704],[0.704,8.337],[8.338,-0.704]],"o":[[0.704,8.338],[8.338,-0.704],[-0.704,-8.338],[-8.338,0.705]],"v":[[-15.097,1.275],[1.275,15.097],[15.096,-1.274],[-1.275,-15.097]],"c":true},"ix":2},"nm":"Path 1","mn":"ADBE Vector Shape - Group","hd":false},{"ty":"fl","c":{"a":0,"k":[0.948999980852,0.658999992819,0.556999954523,1],"ix":4},"o":{"a":0,"k":100,"ix":5},"r":1,"bm":0,"nm":"Fill 1","mn":"ADBE Vector Graphic - Fill","hd":false},{"ty":"tr","p":{"a":0,"k":[132.165,92.657],"ix":2},"a":{"a":0,"k":[0,0],"ix":1},"s":{"a":0,"k":[100,100],"ix":3},"r":{"a":0,"k":0,"ix":6},"o":{"a":0,"k":100,"ix":7},"sk":{"a":0,"k":0,"ix":4},"sa":{"a":0,"k":0,"ix":5},"nm":"Transform"}],"nm":"Group 11","np":2,"cix":2,"bm":0,"ix":11,"mn":"ADBE Vector Group","hd":false},{"ty":"gr","it":[{"ind":0,"ty":"sh","ix":1,"ks":{"a":0,"k":{"i":[[0,0],[-6.601,-9.946]],"o":[[0,0],[0,0]],"v":[[-6.178,-1.542],[6.178,4.973]],"c":false},"ix":2},"nm":"Path 1","mn":"ADBE Vector Shape - Group","hd":false},{"ty":"st","c":{"a":0,"k":[0.816000007181,0.388000009574,0.368999974868,1],"ix":3},"o":{"a":0,"k":100,"ix":4},"w":{"a":0,"k":0.661,"ix":5},"lc":2,"lj":2,"bm":0,"nm":"Stroke 1","mn":"ADBE Vector Graphic - Stroke","hd":false},{"ty":"tr","p":{"a":0,"k":[44.287,100.005],"ix":2},"a":{"a":0,"k":[0,0],"ix":1},"s":{"a":0,"k":[100,100],"ix":3},"r":{"a":0,"k":0,"ix":6},"o":{"a":0,"k":100,"ix":7},"sk":{"a":0,"k":0,"ix":4},"sa":{"a":0,"k":0,"ix":5},"nm":"Transform"}],"nm":"Group 12","np":2,"cix":2,"bm":0,"ix":12,"mn":"ADBE Vector Group","hd":false},{"ty":"gr","it":[{"ind":0,"ty":"sh","ix":1,"ks":{"a":0,"k":{"i":[[-0.939,-8.315],[8.314,-0.939],[0.94,8.314],[-8.314,0.939]],"o":[[0.939,8.314],[-8.314,0.94],[-0.939,-8.315],[8.315,-0.939]],"v":[[15.055,-1.701],[1.701,15.054],[-15.055,1.701],[-1.701,-15.055]],"c":true},"ix":2},"nm":"Path 1","mn":"ADBE Vector Shape - Group","hd":false},{"ty":"fl","c":{"a":0,"k":[0.948999980852,0.658999992819,0.556999954523,1],"ix":4},"o":{"a":0,"k":100,"ix":5},"r":1,"bm":0,"nm":"Fill 1","mn":"ADBE Vector Graphic - Fill","hd":false},{"ty":"tr","p":{"a":0,"k":[46.858,99.861],"ix":2},"a":{"a":0,"k":[0,0],"ix":1},"s":{"a":0,"k":[100,100],"ix":3},"r":{"a":0,"k":0,"ix":6},"o":{"a":0,"k":100,"ix":7},"sk":{"a":0,"k":0,"ix":4},"sa":{"a":0,"k":0,"ix":5},"nm":"Transform"}],"nm":"Group 13","np":2,"cix":2,"bm":0,"ix":13,"mn":"ADBE Vector Group","hd":false},{"ty":"gr","it":[{"ind":0,"ty":"sh","ix":1,"ks":{"a":0,"k":{"i":[[0,0],[-5.546,-48.766],[-0.452,83.851],[59.351,88.771]],"o":[[0,0],[37.476,329.513],[0.262,-48.688],[0,0]],"v":[[-68.402,-108.067],[-73.015,22.63],[79.958,224.426],[26.559,-132.515]],"c":true},"ix":2},"nm":"Path 1","mn":"ADBE Vector Shape - Group","hd":false},{"ty":"mm","mm":4,"nm":"Merge Paths 1","mn":"ADBE Vector Filter - Merge","hd":false},{"ty":"fl","c":{"a":0,"k":[0.039000002543,0.039000002543,0.039000002543,1],"ix":4},"o":{"a":0,"k":100,"ix":5},"r":1,"bm":0,"nm":"Fill 1","mn":"ADBE Vector Graphic - Fill","hd":false},{"ty":"tr","p":{"a":0,"k":[102.473,164.21],"ix":2},"a":{"a":0,"k":[0,0],"ix":1},"s":{"a":0,"k":[100,100],"ix":3},"r":{"a":0,"k":0,"ix":6},"o":{"a":0,"k":100,"ix":7},"sk":{"a":0,"k":0,"ix":4},"sa":{"a":0,"k":0,"ix":5},"nm":"Transform"}],"nm":"Group 14","np":3,"cix":2,"bm":0,"ix":14,"mn":"ADBE Vector Group","hd":false}],"ip":0,"op":160.000006516934,"st":0,"bm":0},{"ddd":0,"ind":18,"ty":4,"nm":"Shape Layer 7","sr":1,"ks":{"o":{"a":0,"k":100,"ix":11},"r":{"a":0,"k":0,"ix":10},"p":{"a":0,"k":[250,250,0],"ix":2,"l":2},"a":{"a":0,"k":[0,0,0],"ix":1,"l":2},"s":{"a":0,"k":[100,100,100],"ix":6,"l":2}},"ao":0,"shapes":[{"ty":"gr","it":[{"ty":"rc","d":1,"s":{"a":0,"k":[500,500],"ix":2},"p":{"a":0,"k":[0,0],"ix":3},"r":{"a":0,"k":0,"ix":4},"nm":"Rectangle Path 1","mn":"ADBE Vector Shape - Rect","hd":false},{"ty":"st","c":{"a":0,"k":[0,0,0,1],"ix":3},"o":{"a":0,"k":100,"ix":4},"w":{"a":0,"k":0,"ix":5},"lc":1,"lj":1,"ml":4,"bm":0,"nm":"Stroke 1","mn":"ADBE Vector Graphic - Stroke","hd":false},{"ty":"fl","c":{"a":0,"k":[1,0.962340829887,0.909803921569,1],"ix":4},"o":{"a":0,"k":100,"ix":5},"r":1,"bm":0,"nm":"Fill 1","mn":"ADBE Vector Graphic - Fill","hd":false},{"ty":"tr","p":{"a":0,"k":[0,0],"ix":2},"a":{"a":0,"k":[0,0],"ix":1},"s":{"a":0,"k":[100,100],"ix":3},"r":{"a":0,"k":0,"ix":6},"o":{"a":0,"k":100,"ix":7},"sk":{"a":0,"k":0,"ix":4},"sa":{"a":0,"k":0,"ix":5},"nm":"Transform"}],"nm":"Rectangle 1","np":3,"cix":2,"bm":0,"ix":1,"mn":"ADBE Vector Group","hd":false}],"ip":0,"op":160.000006516934,"st":0,"bm":0}],"markers":[],"chars":[{"ch":"N","size":30,"style":"Black","w":70.21,"data":{"shapes":[{"ty":"gr","it":[{"ind":0,"ty":"sh","ix":1,"ks":{"a":0,"k":{"i":[[0,0],[0,0],[0,0],[0,0],[0,0],[0,0],[0,0],[0,0],[0,0],[0,0]],"o":[[0,0],[0,0],[0,0],[0,0],[0,0],[0,0],[0,0],[0,0],[0,0],[0,0]],"v":[[64.746,-71.094],[47.656,-71.094],[47.656,-26.855],[22.51,-71.094],[5.371,-71.094],[5.371,0],[22.51,0],[22.51,-44.238],[47.705,0],[64.746,0]],"c":true},"ix":2},"nm":"N","mn":"ADBE Vector Shape - Group","hd":false}],"nm":"N","np":3,"cix":2,"bm":0,"ix":1,"mn":"ADBE Vector Group","hd":false}]},"fFamily":"Roboto"},{"ch":"o","size":30,"style":"Black","w":56.15,"data":{"shapes":[{"ty":"gr","it":[{"ind":0,"ty":"sh","ix":1,"ks":{"a":0,"k":{"i":[[0,0],[-4.558,-4.508],[-7.52,0],[-4.574,4.834],[0,8.236],[0,0],[4.557,4.9],[7.91,0],[3.841,-2.213],[2.051,-4.118],[0,-5.273]],"o":[[0.358,7.715],[4.557,4.509],[7.813,0],[4.573,-4.834],[0,0],[0,-8.43],[-4.558,-4.899],[-5.176,0],[-3.841,2.214],[-2.051,4.118],[0,0]],"v":[[2.588,-24.121],[9.961,-5.786],[28.076,0.977],[46.655,-6.274],[53.516,-25.879],[53.516,-26.465],[46.68,-46.46],[27.979,-53.809],[14.453,-50.488],[5.615,-40.991],[2.539,-26.904]],"c":true},"ix":2},"nm":"o","mn":"ADBE Vector Shape - Group","hd":false},{"ind":1,"ty":"sh","ix":2,"ks":{"a":0,"k":{"i":[[0,0],[-5.502,0],[0,-9.473],[0,0],[5.859,0],[1.53,2.279],[0,4.883]],"o":[[0.455,-8.17],[6.055,0],[0,0],[-0.13,9.017],[-2.995,0],[-1.53,-2.278],[0,0]],"v":[[19.043,-28.857],[27.979,-41.113],[37.061,-26.904],[37.061,-25.244],[28.076,-11.719],[21.289,-15.137],[18.994,-25.879]],"c":true},"ix":2},"nm":"o","mn":"ADBE Vector Shape - Group","hd":false}],"nm":"o","np":5,"cix":2,"bm":0,"ix":1,"mn":"ADBE Vector Group","hd":false}]},"fFamily":"Roboto"},{"ch":" ","size":30,"style":"Black","w":24.9,"data":{},"fFamily":"Roboto"},{"ch":"D","size":30,"style":"Black","w":64.65,"data":{"shapes":[{"ty":"gr","it":[{"ind":0,"ty":"sh","ix":1,"ks":{"a":0,"k":{"i":[[0,0],[-4.997,2.914],[-2.751,5.16],[0,6.511],[0,0],[2.815,5.193],[5.013,2.849],[6.282,0],[0,0],[0,0]],"o":[[6.152,-0.032],[4.996,-2.913],[2.75,-5.159],[0,0],[-0.033,-6.445],[-2.816,-5.192],[-5.013,-2.848],[0,0],[0,0],[0,0]],"v":[[28.76,0],[45.483,-4.419],[57.104,-16.528],[61.23,-34.033],[61.23,-37.305],[56.958,-54.761],[45.215,-66.821],[28.271,-71.094],[5.371,-71.094],[5.371,0]],"c":true},"ix":2},"nm":"D","mn":"ADBE Vector Shape - Group","hd":false},{"ind":1,"ty":"sh","ix":2,"ks":{"a":0,"k":{"i":[[0,0],[-2.637,-3.483],[0,-6.868],[0,0],[2.637,-3.499],[4.915,0],[0,0],[0,0]],"o":[[5.045,0],[2.637,3.484],[0,0],[0,6.902],[-2.637,3.5],[0,0],[0,0],[0,0]],"v":[[28.271,-57.861],[39.795,-52.637],[43.75,-37.109],[43.75,-34.033],[39.795,-18.433],[28.467,-13.184],[22.51,-13.184],[22.51,-57.861]],"c":true},"ix":2},"nm":"D","mn":"ADBE Vector Shape - Group","hd":false}],"nm":"D","np":5,"cix":2,"bm":0,"ix":1,"mn":"ADBE Vector Group","hd":false}]},"fFamily":"Roboto"},{"ch":"a","size":30,"style":"Black","w":53.08,"data":{"shapes":[{"ty":"gr","it":[{"ind":0,"ty":"sh","ix":1,"ks":{"a":0,"k":{"i":[[0,0],[0,0],[0.065,4.851],[0,0],[3.906,3.288],[6.738,0],[4.346,-3.186],[0,-5.104],[0,0],[-3.906,0],[0,-4.874],[0,0],[0,0],[4.231,-2.93],[0,-5.729],[-3.484,-3.011],[-4.98,0],[-3.027,3.809],[-0.586,-1.074]],"o":[[0,0],[-1.433,-2.571],[0,0],[-0.098,-5.729],[-3.906,-3.288],[-6.738,0],[-4.346,3.186],[0,0],[0,-3.86],[4.199,0],[0,0],[0,0],[-8.073,0],[-4.232,2.93],[0,4.558],[3.483,3.011],[5.436,0],[0.455,2.084],[0,0]],"v":[[50.83,0],[50.83,-0.83],[48.584,-11.963],[48.584,-35.352],[42.578,-48.877],[26.611,-53.809],[9.985,-49.029],[3.467,-36.593],[19.922,-36.593],[25.781,-42.383],[32.08,-35.072],[32.08,-32.275],[27.002,-32.275],[8.545,-27.881],[2.197,-14.893],[7.422,-3.54],[20.117,0.977],[32.813,-4.736],[34.375,0]],"c":true},"ix":2},"nm":"a","mn":"ADBE Vector Shape - Group","hd":false},{"ind":1,"ty":"sh","ix":2,"ks":{"a":0,"k":{"i":[[1.009,0.928],[0,1.498],[-5.73,0],[0,0],[0,0],[1.35,-0.879],[2.051,0]],"o":[[-1.009,-0.928],[0,-5.143],[0,0],[0,0],[-0.586,1.107],[-1.351,0.879],[-1.563,0]],"v":[[20.215,-12.134],[18.701,-15.771],[27.295,-23.486],[32.08,-23.486],[32.08,-15.039],[29.175,-12.061],[24.072,-10.742]],"c":true},"ix":2},"nm":"a","mn":"ADBE Vector Shape - Group","hd":false}],"nm":"a","np":5,"cix":2,"bm":0,"ix":1,"mn":"ADBE Vector Group","hd":false}]},"fFamily":"Roboto"},{"ch":"t","size":30,"style":"Black","w":34.33,"data":{"shapes":[{"ty":"gr","it":[{"ind":0,"ty":"sh","ix":1,"ks":{"a":0,"k":{"i":[[0,0],[0,0],[0,0],[0,0],[0,0],[0,0],[-2.702,-2.669],[-5.664,0],[-2.962,0.944],[0,0],[1.627,0],[0.716,0.781],[0,1.986],[0,0],[0,0],[0,0],[0,0],[0,0]],"o":[[0,0],[0,0],[0,0],[0,0],[0,0],[0,5.437],[2.702,2.67],[3.223,0],[0,0],[-1.107,0.195],[-2.116,0],[-0.716,-0.781],[0,0],[0,0],[0,0],[0,0],[0,0],[0,0]],"v":[[7.324,-65.967],[7.324,-52.832],[0.586,-52.832],[0.586,-41.406],[7.324,-41.406],[7.324,-15.186],[11.377,-3.027],[23.926,0.977],[33.203,-0.439],[33.203,-12.207],[29.102,-11.914],[24.854,-13.086],[23.779,-17.236],[23.779,-41.406],[32.471,-41.406],[32.471,-52.832],[23.779,-52.832],[23.779,-65.967]],"c":true},"ix":2},"nm":"t","mn":"ADBE Vector Shape - Group","hd":false}],"nm":"t","np":3,"cix":2,"bm":0,"ix":1,"mn":"ADBE Vector Group","hd":false}]},"fFamily":"Roboto"},{"ch":"F","size":30,"style":"Black","w":54.69,"data":{"shapes":[{"ty":"gr","it":[{"ind":0,"ty":"sh","ix":1,"ks":{"a":0,"k":{"i":[[0,0],[0,0],[0,0],[0,0],[0,0],[0,0],[0,0],[0,0],[0,0],[0,0]],"o":[[0,0],[0,0],[0,0],[0,0],[0,0],[0,0],[0,0],[0,0],[0,0],[0,0]],"v":[[50.146,-41.504],[22.51,-41.504],[22.51,-57.861],[52.93,-57.861],[52.93,-71.094],[5.371,-71.094],[5.371,0],[22.51,0],[22.51,-28.32],[50.146,-28.32]],"c":true},"ix":2},"nm":"F","mn":"ADBE Vector Shape - Group","hd":false}],"nm":"F","np":3,"cix":2,"bm":0,"ix":1,"mn":"ADBE Vector Group","hd":false}]},"fFamily":"Roboto"},{"ch":"u","size":30,"style":"Black","w":56.4,"data":{"shapes":[{"ty":"gr","it":[{"ind":0,"ty":"sh","ix":1,"ks":{"a":0,"k":{"i":[[0,0],[0,0],[0,0],[0,0],[0,0],[3.776,0],[0,4.525],[0,0],[0,0],[0,0],[-2.979,-3.369],[-5.795,0],[-3.484,4.46]],"o":[[0,0],[0,0],[0,0],[0,0],[-1.595,2.702],[-4.395,0],[0,0],[0,0],[0,0],[0,6.316],[2.979,3.369],[5.924,0],[0,0]],"v":[[36.572,0],[52.002,0],[52.002,-52.832],[35.449,-52.832],[35.449,-15.771],[27.393,-11.719],[20.801,-18.506],[20.801,-52.832],[4.346,-52.832],[4.346,-18.604],[8.813,-4.077],[21.973,0.977],[36.084,-5.713]],"c":true},"ix":2},"nm":"u","mn":"ADBE Vector Shape - Group","hd":false}],"nm":"u","np":3,"cix":2,"bm":0,"ix":1,"mn":"ADBE Vector Group","hd":false}]},"fFamily":"Roboto"},{"ch":"n","size":30,"style":"Black","w":56.4,"data":{"shapes":[{"ty":"gr","it":[{"ind":0,"ty":"sh","ix":1,"ks":{"a":0,"k":{"i":[[0,0],[0,0],[0,0],[0,0],[-3.223,0],[-1.074,-1.253],[0,-2.669],[0,0],[0,0],[0,0],[2.718,3.288],[5.501,0],[3.645,-4.785],[0,0]],"o":[[0,0],[0,0],[0,0],[1.563,-2.539],[2.832,0],[1.074,1.254],[0,0],[0,0],[0,0],[-0.098,-6.608],[-2.718,-3.288],[-6.413,0],[0,0],[0,0]],"v":[[4.297,-52.832],[4.297,0],[20.752,0],[20.752,-37.305],[27.93,-41.113],[33.789,-39.233],[35.4,-33.35],[35.4,0],[51.904,0],[51.904,-34.033],[47.681,-48.877],[35.352,-53.809],[20.264,-46.631],[19.727,-52.832]],"c":true},"ix":2},"nm":"n","mn":"ADBE Vector Shape - Group","hd":false}],"nm":"n","np":3,"cix":2,"bm":0,"ix":1,"mn":"ADBE Vector Group","hd":false}]},"fFamily":"Roboto"},{"ch":"d","size":30,"style":"Black","w":56.25,"data":{"shapes":[{"ty":"gr","it":[{"ind":0,"ty":"sh","ix":1,"ks":{"a":0,"k":{"i":[[-3.679,-4.817],[-6.283,0],[-3.386,4.427],[0,0],[0,0],[0,0],[0,0],[0,0],[4.72,0],[3.613,-4.817],[0,-8.366]],"o":[[3.678,4.818],[5.208,0],[0,0],[0,0],[0,0],[0,0],[0,0],[-3.223,-3.711],[-6.478,0],[-3.613,4.818],[0,8.887]],"v":[[8.057,-6.25],[22.998,0.977],[35.889,-5.664],[36.719,0],[51.514,0],[51.514,-75],[35.01,-75],[35.01,-48.242],[23.096,-53.809],[7.959,-46.582],[2.539,-26.807]],"c":true},"ix":2},"nm":"d","mn":"ADBE Vector Shape - Group","hd":false},{"ind":1,"ty":"sh","ix":2,"ks":{"a":0,"k":{"i":[[0,0],[-5.078,0],[-1.498,-3.125],[0,0],[3.645,0],[0,9.375]],"o":[[0.423,-8.203],[3.645,0],[0,0],[-1.563,3.06],[-5.469,0],[0,0]],"v":[[19.043,-28.809],[27.295,-41.113],[35.01,-36.426],[35.01,-16.309],[27.197,-11.719],[18.994,-25.781]],"c":true},"ix":2},"nm":"d","mn":"ADBE Vector Shape - Group","hd":false}],"nm":"d","np":5,"cix":2,"bm":0,"ix":1,"mn":"ADBE Vector Group","hd":false}]},"fFamily":"Roboto"}]}