{"v":"5.7.4","fr":30,"ip":1,"op":55,"w":144,"h":144,"nm":"bell","ddd":0,"assets":[],"layers":[{"ddd":0,"ind":1,"ty":4,"nm":"bell face","parent":3,"sr":1,"ks":{"o":{"a":0,"k":100,"ix":11},"r":{"a":0,"k":0,"ix":10},"p":{"a":1,"k":[{"i":{"x":0.833,"y":0.833},"o":{"x":0.167,"y":0.167},"t":0,"s":[65.5,65.5,0],"to":null,"ti":null},{"t":111.111328125,"s":[65.25,65.25,0]}],"ix":2,"l":2},"a":{"a":0,"k":[65.5,65.5,0],"ix":1,"l":2},"s":{"a":0,"k":[100,100,100],"ix":6,"l":2}},"ao":0,"shapes":[{"ty":"gr","it":[{"ind":0,"ty":"sh","ix":1,"ks":{"a":0,"k":{"i":[[-4.97,1.234],[-4.97,1.234],[2.1169999999999995,-1.2349999999999999]],"o":[[-4.97,1.234],[-2.1159999999999997,-1.2349999999999999],[4.97,1.234]],"v":[[-4.97,1.234],[-4.97,1.234],[4.97,1.234]],"c":false},"ix":2},"nm":"Path 1","mn":"ADBE Vector Shape - Group","hd":false,"_render":true},{"ty":"st","c":{"a":0,"k":[0.2627,0.102,0,1],"ix":3},"o":{"a":0,"k":100,"ix":4},"w":{"a":0,"k":1.551,"ix":5},"lc":2,"lj":2,"bm":0,"nm":"Stroke 1","mn":"ADBE Vector Graphic - Stroke","hd":false,"_render":true},{"ty":"tr","p":{"a":0,"k":[78.12,56.105],"ix":2},"a":{"a":0,"k":[0,0],"ix":1},"s":{"a":0,"k":[100,100],"ix":3},"r":{"a":0,"k":0,"ix":6},"o":{"a":0,"k":100,"ix":7},"sk":{"a":0,"k":0,"ix":4},"sa":{"a":0,"k":0,"ix":5},"nm":"Transform","_render":true}],"nm":"Group 4","np":2,"cix":2,"bm":0,"ix":1,"mn":"ADBE Vector Group","hd":false,"_render":true},{"ty":"gr","it":[{"ind":0,"ty":"sh","ix":1,"ks":{"a":0,"k":{"i":[[-4.97,1.234],[-4.97,1.234],[2.1169999999999995,-1.2349999999999999]],"o":[[-4.97,1.234],[-2.1159999999999997,-1.2349999999999999],[4.97,1.234]],"v":[[-4.97,1.234],[-4.97,1.234],[4.97,1.234]],"c":false},"ix":2},"nm":"Path 1","mn":"ADBE Vector Shape - Group","hd":false,"_render":true},{"ty":"st","c":{"a":0,"k":[0.2627,0.102,0,1],"ix":3},"o":{"a":0,"k":100,"ix":4},"w":{"a":0,"k":1.551,"ix":5},"lc":2,"lj":2,"bm":0,"nm":"Stroke 1","mn":"ADBE Vector Graphic - Stroke","hd":false,"_render":true},{"ty":"tr","p":{"a":0,"k":[52.292,56.105],"ix":2},"a":{"a":0,"k":[0,0],"ix":1},"s":{"a":0,"k":[100,100],"ix":3},"r":{"a":0,"k":0,"ix":6},"o":{"a":0,"k":100,"ix":7},"sk":{"a":0,"k":0,"ix":4},"sa":{"a":0,"k":0,"ix":5},"nm":"Transform","_render":true}],"nm":"Group 5","np":2,"cix":2,"bm":0,"ix":2,"mn":"ADBE Vector Group","hd":false,"_render":true},{"ty":"gr","it":[{"ind":0,"ty":"sh","ix":1,"ks":{"a":0,"k":{"i":[[59.911,70.812],[70.503,70.812]],"o":[[59.911,70.812],[70.503,70.812]],"v":[[59.911,70.812],[70.503,70.812]],"c":false},"ix":2},"nm":"Path 1","mn":"ADBE Vector Shape - Group","hd":false,"_render":true},{"ty":"st","c":{"a":0,"k":[0.2627,0.102,0,1],"ix":3},"o":{"a":0,"k":100,"ix":4},"w":{"a":0,"k":3.102,"ix":5},"lc":2,"lj":2,"bm":0,"nm":"Stroke 1","mn":"ADBE Vector Graphic - Stroke","hd":false,"_render":true},{"ty":"tr","p":{"a":0,"k":[0,0],"ix":2},"a":{"a":0,"k":[0,0],"ix":1},"s":{"a":0,"k":[100,100],"ix":3},"r":{"a":0,"k":0,"ix":6},"o":{"a":0,"k":100,"ix":7},"sk":{"a":0,"k":0,"ix":4},"sa":{"a":0,"k":0,"ix":5},"nm":"Transform","_render":true}],"nm":"Group 6","np":2,"cix":2,"bm":0,"ix":3,"mn":"ADBE Vector Group","hd":false,"_render":true}],"ip":0,"op":70.0700700700701,"st":0,"bm":0,"completed":true},{"ddd":0,"ind":2,"ty":4,"nm":"bell top","sr":1,"ks":{"o":{"a":0,"k":100,"ix":11},"r":{"a":0,"k":0,"ix":10},"p":{"a":1,"k":[{"i":{"x":0.833,"y":0.833},"o":{"x":0.167,"y":0.167},"t":0,"s":[72.812,72.375,0],"to":null,"ti":null},{"t":111.111328125,"s":[72.562,72.125,0]}],"ix":2,"l":2},"a":{"a":0,"k":[65.5,65.5,0],"ix":1,"l":2},"s":{"a":0,"k":[100,100,100],"ix":6,"l":2}},"ao":0,"shapes":[{"ty":"gr","it":[{"ind":0,"ty":"sh","ix":1,"ks":{"a":0,"k":{"i":[[-4.932,2.466],[-2.7239999999999998,-2.466],[4.932,-0.258]],"o":[[-4.932,-0.258],[2.7230000000000003,-2.466],[4.932,2.466]],"v":[[-4.932,2.466],[-0.001,-2.466],[4.932,2.466]],"c":false},"ix":2},"nm":"Path 1","mn":"ADBE Vector Shape - Group","hd":false,"_render":true},{"ty":"st","c":{"a":0,"k":[0.9748,0.7374,0.6652,1],"ix":3},"o":{"a":0,"k":100,"ix":4},"w":{"a":0,"k":3.718,"ix":5},"lc":1,"lj":1,"ml":4,"bm":0,"nm":"Stroke 1","mn":"ADBE Vector Graphic - Stroke","hd":false,"_render":true},{"ty":"tr","p":{"a":0,"k":[65.207,27.906],"ix":2},"a":{"a":0,"k":[0,0],"ix":1},"s":{"a":0,"k":[100,100],"ix":3},"r":{"a":0,"k":0,"ix":6},"o":{"a":0,"k":100,"ix":7},"sk":{"a":0,"k":0,"ix":4},"sa":{"a":0,"k":0,"ix":5},"nm":"Transform","_render":true}],"nm":"Group 9","np":2,"cix":2,"bm":0,"ix":1,"mn":"ADBE Vector Group","hd":false,"_render":true}],"ip":0,"op":70.0700700700701,"st":0,"bm":0,"completed":true},{"ddd":0,"ind":3,"ty":4,"nm":"bell","sr":1,"ks":{"o":{"a":0,"k":100,"ix":11},"r":{"a":1,"k":[{"i":{"x":[0.751],"y":[0.81]},"o":{"x":[0.167],"y":[0.167]},"t":0,"s":[0]},{"i":{"x":[0.827],"y":[0.928]},"o":{"x":[0.532],"y":[0.125]},"t":6.006,"s":[-17.383]},{"i":{"x":[0.532],"y":[0.999]},"o":{"x":[0.43],"y":[0.255]},"t":11.011,"s":[16.613]},{"i":{"x":[0.891],"y":[1.029]},"o":{"x":[0.17],"y":[0]},"t":16.016,"s":[-10]},{"i":{"x":[0.832],"y":[0.932]},"o":{"x":[0.101],"y":[0.036]},"t":21.021,"s":[10]},{"i":{"x":[0.831],"y":[0.996]},"o":{"x":[0.166],"y":[-0.101]},"t":26.026,"s":[-5]},{"i":{"x":[0.833],"y":[0.833]},"o":{"x":[0.191],"y":[-0.008]},"t":31.031,"s":[5]},{"t":36.0361328125,"s":[0]}],"ix":10},"p":{"a":0,"k":[71.479,41.375,0],"ix":2,"l":2},"a":{"a":0,"k":[64.167,34.5,0],"ix":1,"l":2},"s":{"a":0,"k":[100,100,100],"ix":6,"l":2}},"ao":0,"shapes":[{"ty":"gr","it":[{"ind":0,"ty":"sh","ix":1,"ks":{"a":0,"k":{"i":[[19.189,18.637999999999998],[13.926,10.485],[13.926,-1.813],[0.5920000000000023,-31.596],[-18.448,-31.505],[6.167,-16.759999999999998],[6.172,6.798],[7.618,13.955000000000002],[12.153,20.969],[7.378,31.595],[10.394,31.595],[19.311,28.055]],"o":[[15.376000000000001,13.959],[13.926,6.802],[13.926,-18.261],[-17.153,-31.592],[-4.9140000000000015,-29.389],[6.172,-1.813],[6.172,10.481],[11.436,18.635],[11.557,28.055],[2.64,31.595],[15.151,31.595],[19.906000000000002,20.97]],"v":[[17.702,16.816],[13.926,6.802],[13.926,-1.813],[-15.857,-31.596],[-19.734,-31.336],[6.172,-1.813],[6.172,6.798],[9.948,16.812],[11.945,23.314],[2.64,31.595],[10.394,31.595],[19.699,23.314]],"c":true},"ix":2},"nm":"Path 1","mn":"ADBE Vector Shape - Group","hd":false,"_render":true},{"ty":"fl","c":{"a":0,"k":[0.9847,0.7475,0.6753,1],"ix":4},"o":{"a":0,"k":100,"ix":5},"r":1,"bm":0,"nm":"Fill 1","mn":"ADBE Vector Graphic - Fill","hd":false,"_render":true},{"ty":"tr","p":{"a":0,"k":[65.168,38.417],"ix":2},"a":{"a":0,"k":[-15.964,-21.695],"ix":1},"s":{"a":0,"k":[100,100],"ix":3},"r":{"a":0,"k":0,"ix":6,"x":"var $bm_rt;\n$bm_rt = content('Group 10').transform.rotation;"},"o":{"a":0,"k":100,"ix":7},"sk":{"a":0,"k":0,"ix":4},"sa":{"a":0,"k":0,"ix":5},"nm":"Transform","_render":true}],"nm":"Group 7","np":4,"cix":2,"bm":0,"ix":1,"mn":"ADBE Vector Group","hd":false,"_render":true},{"ty":"gr","it":[{"ind":0,"ty":"sh","ix":1,"ks":{"a":0,"k":{"i":[[29.793,10.486],[29.793,-1.812],[16.459000000000003,-31.595],[-15.463999999999999,-28.457],[-29.772,-9.711],[-29.772,6.799],[-31.218000000000004,13.954999999999998],[-35.755,20.970000000000002],[-30.977999999999998,31.596],[26.242,31.596],[35.159,28.056],[35.038,18.636]],"o":[[29.793,6.803],[29.793,-18.26],[-7.889,-31.595],[-26.634999999999998,-17.286],[-29.772,-1.812],[-29.772,10.482],[-35.037,18.636],[-35.158,28.056],[-26.24,31.596],[30.999000000000002,31.596],[35.754999999999995,20.970000000000002],[31.238,13.959]],"v":[[29.793,6.803],[29.793,-1.812],[0.01,-31.595],[-21.049,-22.872],[-29.772,-1.812],[-29.772,6.799],[-33.548,16.813],[-35.546,23.315],[-26.24,31.596],[26.242,31.596],[35.547,23.315],[33.549,16.813]],"c":true},"ix":2},"nm":"Path 1","mn":"ADBE Vector Shape - Group","hd":false,"_render":true},{"ty":"fl","c":{"a":0,"k":[0.9874,0.8687,0.8326,1],"ix":4},"o":{"a":0,"k":100,"ix":5},"r":1,"bm":0,"nm":"Fill 1","mn":"ADBE Vector Graphic - Fill","hd":false,"_render":true},{"ty":"tr","p":{"a":0,"k":[65.39,36.039],"ix":2},"a":{"a":0,"k":[0.332,-24.014],"ix":1},"s":{"a":0,"k":[100,100],"ix":3},"r":{"a":0,"k":0,"ix":6},"o":{"a":0,"k":100,"ix":7},"sk":{"a":0,"k":0,"ix":4},"sa":{"a":0,"k":0,"ix":5},"nm":"Transform","_render":true}],"nm":"Group 10","np":4,"cix":2,"bm":0,"ix":2,"mn":"ADBE Vector Group","hd":false,"_render":true}],"ip":0,"op":70.0700700700701,"st":0,"bm":0,"completed":true},{"ddd":0,"ind":4,"ty":4,"nm":"bell bottom","sr":1,"ks":{"o":{"a":0,"k":100,"ix":11},"r":{"a":0,"k":0,"ix":10},"p":{"a":1,"k":[{"i":{"x":0.833,"y":0.833},"o":{"x":0.167,"y":0.167},"t":0,"s":[72.812,72.375,0],"to":null,"ti":null},{"t":111.111328125,"s":[72.562,72.125,0]}],"ix":2,"l":2},"a":{"a":0,"k":[65.5,65.5,0],"ix":1,"l":2},"s":{"a":0,"k":[100,100,100],"ix":6,"l":2}},"ao":0,"shapes":[{"ty":"gr","it":[{"ind":0,"ty":"sh","ix":1,"ks":{"a":0,"k":{"i":[[11.228,-5.326],[5.98,5.326],[-10.914,0.6460000000000008]],"o":[[10.914,0.6460000000000008],[-5.98,5.326],[-11.228,-5.326]],"v":[[11.228,-5.326],[0,5.326],[-11.228,-5.326]],"c":false},"ix":2},"nm":"Path 1","mn":"ADBE Vector Shape - Group","hd":false,"_render":true},{"ty":"fl","c":{"a":0,"k":[1,0.2353,0,1],"ix":4},"o":{"a":0,"k":100,"ix":5},"r":1,"bm":0,"nm":"Fill 1","mn":"ADBE Vector Graphic - Fill","hd":false,"_render":true},{"ty":"tr","p":{"a":0,"k":[63.371,37.703],"ix":2},"a":{"a":0,"k":[-0.049,-59.064],"ix":1},"s":{"a":0,"k":[100,100],"ix":3},"r":{"a":1,"k":[{"i":{"x":[0.833],"y":[0.833]},"o":{"x":[0.167],"y":[0.167]},"t":0,"s":[0]},{"i":{"x":[0.833],"y":[0.833]},"o":{"x":[0.167],"y":[0.167]},"t":3.433,"s":[-20]},{"i":{"x":[0.833],"y":[0.833]},"o":{"x":[0.167],"y":[0.167]},"t":6.864,"s":[4]},{"i":{"x":[0.833],"y":[0.833]},"o":{"x":[0.167],"y":[0.167]},"t":10.297,"s":[-15]},{"i":{"x":[0.833],"y":[0.833]},"o":{"x":[0.167],"y":[0.167]},"t":13.728,"s":[15]},{"i":{"x":[0.833],"y":[0.833]},"o":{"x":[0.167],"y":[0.167]},"t":17.159,"s":[0]},{"i":{"x":[0.833],"y":[0.833]},"o":{"x":[0.167],"y":[0.167]},"t":20.592,"s":[2]},{"i":{"x":[0.833],"y":[0.833]},"o":{"x":[0.167],"y":[0.167]},"t":24.024,"s":[6]},{"i":{"x":[0.833],"y":[0.833]},"o":{"x":[0.167],"y":[0.167]},"t":28.028,"s":[-3]},{"i":{"x":[0.833],"y":[0.833]},"o":{"x":[0.167],"y":[0.167]},"t":31.46,"s":[6]},{"t":35.03515625,"s":[0]}],"ix":6},"o":{"a":0,"k":100,"ix":7},"sk":{"a":0,"k":0,"ix":4},"sa":{"a":0,"k":0,"ix":5},"nm":"Transform","_render":true}],"nm":"Group 8","np":4,"cix":2,"bm":0,"ix":1,"mn":"ADBE Vector Group","hd":false,"_render":true}],"ip":0,"op":70.0700700700701,"st":0,"bm":0,"completed":true},{"ddd":0,"ind":5,"ty":4,"nm":"bell sleep z","sr":1,"ks":{"o":{"a":0,"k":100,"ix":11},"r":{"a":0,"k":0,"ix":10},"p":{"a":1,"k":[{"i":{"x":0.833,"y":0.833},"o":{"x":0.167,"y":0.167},"t":0,"s":[72.812,72.375,0],"to":null,"ti":null},{"t":111.111328125,"s":[72.562,72.125,0]}],"ix":2,"l":2},"a":{"a":0,"k":[65.5,65.5,0],"ix":1,"l":2},"s":{"a":0,"k":[100,100,100],"ix":6,"l":2}},"ao":0,"shapes":[{"ty":"gr","it":[{"ind":0,"ty":"sh","ix":1,"ks":{"a":0,"k":{"i":[[-3.053,1.119],[0.723,-0.977],[1.4089999999999998,-1.32],[1.777,-1.527],[-1.111,-2.778],[-0.771,-3.558],[3.295,-1.797],[3.025,-1.195],[-0.699,0.872],[-1.3860000000000001,1.24],[-1.749,1.434],[1.369,2.787],[1.038,3.558],[-3.296,1.68]],"o":[[-3.053,1.119],[1.0779999999999998,-1.163],[1.777,-1.502],[1.777,-1.527],[-1.111,-2.778],[-0.771,-3.558],[3.295,-1.797],[3.025,-1.195],[-1.0499999999999998,1.075],[-1.749,1.414],[-1.749,1.434],[1.369,2.787],[1.038,3.558],[-3.296,1.68]],"v":[[-3.053,1.119],[0.723,-0.977],[1.777,-1.502],[1.777,-1.527],[-1.111,-2.778],[-0.771,-3.558],[3.295,-1.797],[3.025,-1.195],[-0.699,0.872],[-1.749,1.414],[-1.749,1.434],[1.369,2.787],[1.038,3.558],[-3.296,1.68]],"c":true},"ix":2},"nm":"Path 1","mn":"ADBE Vector Shape - Group","hd":false,"_render":true},{"ty":"fl","c":{"a":0,"k":[1,0.2353,0,1],"ix":4},"o":{"a":0,"k":100,"ix":5},"r":1,"bm":0,"nm":"Fill 1","mn":"ADBE Vector Graphic - Fill","hd":false,"_render":true},{"ty":"tr","p":{"a":0,"k":[31.646,25.092],"ix":2},"a":{"a":0,"k":[0,0],"ix":1},"s":{"a":0,"k":[100,100],"ix":3},"r":{"a":0,"k":0,"ix":6},"o":{"a":1,"k":[{"i":{"x":[0.833],"y":[0.833]},"o":{"x":[0.167],"y":[0.167]},"t":0,"s":[0]},{"i":{"x":[0.833],"y":[0.833]},"o":{"x":[0.167],"y":[0.167]},"t":10.01,"s":[0]},{"i":{"x":[0.833],"y":[0.894]},"o":{"x":[0.167],"y":[0.167]},"t":31.031,"s":[100]},{"t":50.0498046875,"s":[0]}],"ix":7},"sk":{"a":0,"k":0,"ix":4},"sa":{"a":0,"k":0,"ix":5},"nm":"Transform","_render":true}],"nm":"Group 1","np":4,"cix":2,"bm":0,"ix":1,"mn":"ADBE Vector Group","hd":false,"_render":true},{"ty":"gr","it":[{"ind":0,"ty":"sh","ix":1,"ks":{"a":0,"k":{"i":[[-5.484,2.604],[1.188,-1.913],[2.399,-2.668],[3.066,-3.108],[-2.516,-4.965],[-2.011,-6.476],[5.848,-3.859],[5.444,-2.696],[-1.147,1.747],[-2.358,2.554],[-3.008,2.966],[3.017,4.986],[2.52,6.475],[-5.847,3.689]],"o":[[-5.484,2.604],[1.822,-2.316],[3.066,-3.064],[3.066,-3.108],[-2.516,-4.965],[-2.011,-6.476],[5.848,-3.859],[5.444,-2.696],[-1.764,2.178],[-3.008,2.921],[-3.008,2.966],[3.017,4.986],[2.52,6.475],[-5.847,3.689]],"v":[[-5.484,2.604],[1.188,-1.913],[3.066,-3.064],[3.066,-3.108],[-2.516,-4.965],[-2.011,-6.476],[5.848,-3.859],[5.444,-2.696],[-1.147,1.747],[-3.008,2.921],[-3.008,2.966],[3.017,4.986],[2.52,6.475],[-5.847,3.689]],"c":true},"ix":2},"nm":"Path 1","mn":"ADBE Vector Shape - Group","hd":false,"_render":true},{"ty":"fl","c":{"a":0,"k":[1,0.2353,0,1],"ix":4},"o":{"a":0,"k":100,"ix":5},"r":1,"bm":0,"nm":"Fill 1","mn":"ADBE Vector Graphic - Fill","hd":false,"_render":true},{"ty":"tr","p":{"a":0,"k":[114.218,67.914],"ix":2},"a":{"a":0,"k":[0,0],"ix":1},"s":{"a":0,"k":[100,100],"ix":3},"r":{"a":0,"k":0,"ix":6},"o":{"a":1,"k":[{"i":{"x":[0.833],"y":[0.833]},"o":{"x":[0.167],"y":[0.167]},"t":0,"s":[0]},{"i":{"x":[0.833],"y":[0.833]},"o":{"x":[0.167],"y":[0.167]},"t":10.01,"s":[100]},{"t":31.03125,"s":[0]}],"ix":7},"sk":{"a":0,"k":0,"ix":4},"sa":{"a":0,"k":0,"ix":5},"nm":"Transform","_render":true}],"nm":"Group 2","np":4,"cix":2,"bm":0,"ix":2,"mn":"ADBE Vector Group","hd":false,"_render":true},{"ty":"gr","it":[{"ind":0,"ty":"sh","ix":1,"ks":{"a":0,"k":{"i":[[-3.112,4.737],[-0.196,-1.975],[0.36900000000000005,-3.142],[0.676,-3.805],[-4.501,-2.508],[-4.864,-3.913],[2.405,-5.739],[2.655,-4.649],[-0.22,1.966],[-0.758,3.178],[-1.069,3.812],[4.517,2.415],[4.864,3.796],[-2.845,5.738]],"o":[[-3.112,4.737],[0.09099999999999997,-2.589],[0.676,-3.764],[0.676,-3.805],[-4.501,-2.508],[-4.864,-3.913],[2.405,-5.739],[2.655,-4.649],[-0.479,2.601],[-1.069,3.776],[-1.069,3.812],[4.517,2.415],[4.864,3.796],[-2.845,5.738]],"v":[[-3.112,4.737],[-0.196,-1.975],[0.676,-3.764],[0.676,-3.805],[-4.501,-2.508],[-4.864,-3.913],[2.405,-5.739],[2.655,-4.649],[-0.22,1.966],[-1.069,3.776],[-1.069,3.812],[4.517,2.415],[4.864,3.796],[-2.845,5.738]],"c":true},"ix":2},"nm":"Path 1","mn":"ADBE Vector Shape - Group","hd":false,"_render":true},{"ty":"fl","c":{"a":0,"k":[1,0.2353,0,1],"ix":4},"o":{"a":0,"k":100,"ix":5},"r":1,"bm":0,"nm":"Fill 1","mn":"ADBE Vector Graphic - Fill","hd":false,"_render":true},{"ty":"tr","p":{"a":0,"k":[17.384,54.024],"ix":2},"a":{"a":0,"k":[0,0],"ix":1},"s":{"a":0,"k":[100,100],"ix":3},"r":{"a":0,"k":0,"ix":6},"o":{"a":1,"k":[{"i":{"x":[0.833],"y":[1]},"o":{"x":[0.167],"y":[0]},"t":0,"s":[0]},{"i":{"x":[0.833],"y":[-7.75]},"o":{"x":[0.167],"y":[0]},"t":10.01,"s":[0]},{"i":{"x":[0.833],"y":[1]},"o":{"x":[0.167],"y":[0.079]},"t":31.031,"s":[0]},{"i":{"x":[0.833],"y":[0.825]},"o":{"x":[0.167],"y":[0]},"t":50.05,"s":[100]},{"t":70.0703125,"s":[0]}],"ix":7},"sk":{"a":0,"k":0,"ix":4},"sa":{"a":0,"k":0,"ix":5},"nm":"Transform","_render":true}],"nm":"Group 3","np":4,"cix":2,"bm":0,"ix":3,"mn":"ADBE Vector Group","hd":false,"_render":true}],"ip":0,"op":70.0700700700701,"st":0,"bm":0,"completed":true}],"markers":[],"__complete":true}