{"v":"5.7.4","fr":60,"ip":0,"op":81,"w":800,"h":800,"nm":"logout","ddd":0,"assets":[],"layers":[{"ddd":0,"ind":1,"ty":4,"nm":"#door","ln":"door","sr":1,"ks":{"o":{"a":0,"k":100,"ix":11},"r":{"a":0,"k":0,"ix":10},"p":{"a":1,"k":[{"i":{"x":0.197,"y":1},"o":{"x":0,"y":0},"t":15,"s":[424.893,400,0],"to":null,"ti":null},{"i":{"x":0.56,"y":1},"o":{"x":0.437,"y":0},"t":19,"s":[444.893,400,0],"to":null,"ti":null},{"i":{"x":0.569,"y":1},"o":{"x":0.333,"y":0},"t":30,"s":[418.893,400,0],"to":null,"ti":null},{"i":{"x":0.584,"y":1},"o":{"x":0.333,"y":0},"t":41,"s":[428.893,400,0],"to":null,"ti":null},{"t":54,"s":[424.893,400,0]}],"ix":2,"l":2},"a":{"a":0,"k":[0,0,0],"ix":1,"l":2},"s":{"a":0,"k":[100,100,100],"ix":6,"l":2}},"ao":0,"shapes":[{"ty":"gr","it":[{"ind":0,"ty":"sh","ix":1,"ks":{"a":0,"k":{"i":[[-82.92,142.081],[82.92,142.081],[82.92,-142.081],[-82.92,-142.081]],"o":[[-82.92,142.081],[82.92,142.081],[82.92,-142.081],[-82.92,-142.081]],"v":[[-82.92,142.081],[82.92,142.081],[82.92,-142.081],[-82.92,-142.081]],"c":false},"ix":2},"nm":"Path 1","mn":"ADBE Vector Shape - Group","hd":false,"_render":true},{"ty":"st","c":{"a":0,"k":[0.1255,0.1529,0.1725,1],"ix":3},"o":{"a":0,"k":100,"ix":4},"w":{"a":0,"k":60,"ix":5},"lc":2,"lj":2,"bm":0,"nm":"Stroke 1","mn":"ADBE Vector Graphic - Stroke","hd":false,"_render":true},{"ty":"tr","p":{"a":0,"k":[0,0],"ix":2},"a":{"a":0,"k":[0,0],"ix":1},"s":{"a":0,"k":[100,100],"ix":3},"r":{"a":0,"k":0,"ix":6},"o":{"a":0,"k":100,"ix":7},"sk":{"a":0,"k":0,"ix":4},"sa":{"a":0,"k":0,"ix":5},"nm":"Transform","_render":true}],"nm":"Group 1","np":2,"cix":2,"bm":0,"ix":1,"mn":"ADBE Vector Group","hd":false,"_render":true}],"ip":0,"op":81,"st":0,"bm":0,"completed":true},{"ddd":0,"ind":2,"ty":4,"nm":"#arrow","ln":"arrow","sr":1,"ks":{"o":{"a":0,"k":100,"ix":11},"r":{"a":0,"k":0,"ix":10},"p":{"a":1,"k":[{"i":{"x":0.2,"y":1},"o":{"x":0.333,"y":0},"t":0,"s":[327.623,400,0],"to":null,"ti":null},{"i":{"x":0.9,"y":1},"o":{"x":0.8,"y":0},"t":4,"s":[307.623,400,0],"to":null,"ti":null},{"i":{"x":0.289,"y":1},"o":{"x":0.1,"y":0},"t":15,"s":[387.623,400,0],"to":null,"ti":null},{"i":{"x":0.558,"y":1},"o":{"x":0.333,"y":0},"t":24,"s":[317.623,400,0],"to":null,"ti":null},{"i":{"x":0.572,"y":1},"o":{"x":0.333,"y":0},"t":35,"s":[331.623,400,0],"to":null,"ti":null},{"t":47,"s":[327.623,400,0]}],"ix":2,"l":2},"a":{"a":0,"k":[327.623,400,0],"ix":1,"l":2},"s":{"a":0,"k":[100,100,100],"ix":6,"l":2}},"ao":0,"shapes":[{"ty":"gr","it":[{"ind":0,"ty":"sh","ix":1,"ks":{"a":0,"k":{"i":[[85.874,0],[-85.874,0]],"o":[[85.874,0],[-85.874,0]],"v":[[85.874,0],[-85.874,0]],"c":false},"ix":2},"nm":"Path 1","mn":"ADBE Vector Shape - Group","hd":false,"_render":true},{"ty":"st","c":{"a":0,"k":[0.1255,0.1529,0.1725,1],"ix":3},"o":{"a":0,"k":100,"ix":4},"w":{"a":0,"k":60,"ix":5},"lc":2,"lj":2,"bm":0,"nm":"Stroke 1","mn":"ADBE Vector Graphic - Stroke","hd":false,"_render":true},{"ty":"tr","p":{"a":0,"k":[324.386,402.217],"ix":2},"a":{"a":0,"k":[0,0],"ix":1},"s":{"a":0,"k":[100,100],"ix":3},"r":{"a":0,"k":0,"ix":6},"o":{"a":0,"k":100,"ix":7},"sk":{"a":0,"k":0,"ix":4},"sa":{"a":0,"k":0,"ix":5},"nm":"Transform","_render":true}],"nm":"Group 1","np":2,"cix":2,"bm":0,"ix":1,"mn":"ADBE Vector Group","hd":false,"_render":true},{"ty":"gr","it":[{"ty":"gr","it":[{"ind":0,"ty":"sh","ix":1,"ks":{"a":0,"k":{"i":[[-37.071,-37.071],[37.071,37.071]],"o":[[-37.071,-37.071],[37.071,37.071]],"v":[[-37.071,-37.071],[37.071,37.071]],"c":false},"ix":2},"nm":"Path 1","mn":"ADBE Vector Shape - Group","hd":false,"_render":true},{"ty":"st","c":{"a":0,"k":[0.1255,0.1529,0.1725,1],"ix":3},"o":{"a":0,"k":100,"ix":4},"w":{"a":0,"k":60,"ix":5},"lc":2,"lj":2,"bm":0,"nm":"Stroke 1","mn":"ADBE Vector Graphic - Stroke","hd":false,"_render":true},{"ty":"tr","p":{"a":0,"k":[379.664,362.929],"ix":2},"a":{"a":0,"k":[0,0],"ix":1},"s":{"a":0,"k":[100,100],"ix":3},"r":{"a":0,"k":0,"ix":6},"o":{"a":0,"k":100,"ix":7},"sk":{"a":0,"k":0,"ix":4},"sa":{"a":0,"k":0,"ix":5},"nm":"Transform","_render":true}],"nm":"Group 1","np":2,"cix":2,"bm":0,"ix":1,"mn":"ADBE Vector Group","hd":false,"_render":true},{"ty":"gr","it":[{"ind":0,"ty":"sh","ix":1,"ks":{"a":0,"k":{"i":[[-37.071,37.071],[37.071,-37.071]],"o":[[-37.071,37.071],[37.071,-37.071]],"v":[[-37.071,37.071],[37.071,-37.071]],"c":false},"ix":2},"nm":"Path 1","mn":"ADBE Vector Shape - Group","hd":false,"_render":true},{"ty":"st","c":{"a":0,"k":[0.1255,0.1529,0.1725,1],"ix":3},"o":{"a":0,"k":100,"ix":4},"w":{"a":0,"k":60,"ix":5},"lc":2,"lj":2,"bm":0,"nm":"Stroke 1","mn":"ADBE Vector Graphic - Stroke","hd":false,"_render":true},{"ty":"tr","p":{"a":0,"k":[379.664,437.071],"ix":2},"a":{"a":0,"k":[0,0],"ix":1},"s":{"a":0,"k":[100,100],"ix":3},"r":{"a":0,"k":0,"ix":6},"o":{"a":0,"k":100,"ix":7},"sk":{"a":0,"k":0,"ix":4},"sa":{"a":0,"k":0,"ix":5},"nm":"Transform","_render":true}],"nm":"Group 2","np":2,"cix":2,"bm":0,"ix":2,"mn":"ADBE Vector Group","hd":false,"_render":true},{"ty":"tr","p":{"a":0,"k":[379.664,437.071],"ix":2},"a":{"a":0,"k":[379.664,437.071],"ix":1},"s":{"a":0,"k":[100,100],"ix":3},"r":{"a":0,"k":0,"ix":6},"o":{"a":0,"k":100,"ix":7},"sk":{"a":0,"k":0,"ix":4},"sa":{"a":0,"k":0,"ix":5},"nm":"Transform","_render":true}],"nm":"Group 2","np":2,"cix":2,"bm":0,"ix":2,"mn":"ADBE Vector Group","hd":false,"_render":true}],"ip":0,"op":81,"st":0,"bm":0,"completed":true}],"markers":[],"__complete":true}